frc,currentSpeed,freeFlowSpeed,currentTravelTime,freeFlowTravelTime,confidence,roadClosure,timestamp
FRC2,33,44,51,38,0.9599999785423279,false,2021-04-26_14:05:30
FRC2,44,44,38,38,0.949999988079071,false,2021-04-26_14:15:30
FRC2,44,44,38,38,0.949999988079071,false,2021-04-26_14:25:31
FRC2,44,44,38,38,0.949999988079071,false,2021-04-26_14:35:31
FRC2,32,43,53,39,0.9700000286102295,false,2021-04-26_14:45:31
FRC2,44,44,38,38,0.9700000286102295,false,2021-04-26_14:55:31
FRC2,28,44,60,38,0.9599999785423279,false,2021-04-26_15:05:31
FRC2,31,44,54,38,0.9700000286102295,false,2021-04-26_15:15:31
FRC2,43,43,39,39,0.9700000286102295,false,2021-04-26_15:25:31
FRC2,43,43,39,39,0.9700000286102295,false,2021-04-26_15:35:32
FRC2,43,43,39,39,0.9700000286102295,false,2021-04-26_15:45:32
FRC2,44,44,38,38,0.949999988079071,false,2021-04-26_15:55:32
FRC2,44,44,38,38,0.949999988079071,false,2021-04-26_16:05:32
FRC2,35,44,48,38,0.9700000286102295,false,2021-04-26_16:15:32
FRC2,35,44,48,38,0.9700000286102295,false,2021-04-26_16:25:32
FRC2,33,43,51,39,0.9700000286102295,false,2021-04-26_16:35:32
FRC2,30,43,56,39,0.9599999785423279,false,2021-04-26_16:45:33
FRC2,27,44,62,38,0.9800000190734863,false,2021-04-26_16:55:33
FRC2,26,44,65,38,0.9700000286102295,false,2021-04-26_17:05:33
FRC2,29,43,58,39,0.9700000286102295,false,2021-04-26_17:15:33
FRC2,25,43,67,39,0.9599999785423279,false,2021-04-26_17:25:33
FRC2,28,43,60,39,0.9700000286102295,false,2021-04-26_17:35:33
FRC2,29,44,58,38,0.9800000190734863,false,2021-04-26_17:45:33
FRC2,29,44,58,38,0.9700000286102295,false,2021-04-26_17:55:34
FRC2,44,44,38,38,0.8999999761581421,false,2021-04-26_18:05:34
FRC2,34,43,49,39,0.9700000286102295,false,2021-04-26_18:15:34
FRC2,32,44,53,38,0.9800000190734863,false,2021-04-26_18:25:34
FRC2,43,43,39,39,0.9700000286102295,false,2021-04-26_18:35:34
FRC2,43,43,39,39,0.9800000190734863,false,2021-04-26_18:45:35
FRC2,34,44,49,38,0.9800000190734863,false,2021-04-26_18:55:35
FRC2,43,43,39,39,0.9800000190734863,false,2021-04-26_19:05:35
FRC2,44,44,38,38,0.9800000190734863,false,2021-04-26_19:15:35
FRC2,44,44,38,38,0.9800000190734863,false,2021-04-26_19:25:35
FRC2,44,44,38,38,0.9800000190734863,false,2021-04-26_19:35:35
FRC2,44,44,38,38,0.9800000190734863,false,2021-04-26_19:45:36
FRC2,44,44,38,38,0.9800000190734863,false,2021-04-26_19:55:36
FRC2,44,44,38,38,0.9800000190734863,false,2021-04-26_20:05:36
FRC2,44,44,38,38,0.9800000190734863,false,2021-04-26_20:15:36
FRC2,44,44,38,38,0.9800000190734863,false,2021-04-26_20:25:37
FRC2,44,44,38,38,0.9800000190734863,false,2021-04-26_20:35:37
FRC2,44,44,38,38,0.9800000190734863,false,2021-04-26_20:45:37
FRC2,44,44,38,38,0.8600000143051147,false,2021-04-26_20:55:37
FRC2,44,44,38,38,0.8600000143051147,false,2021-04-26_21:05:37
FRC2,44,44,38,38,0.8600000143051147,false,2021-04-26_21:15:37
FRC2,44,44,38,38,0.8600000143051147,false,2021-04-26_21:25:38
FRC2,44,44,38,38,0.8600000143051147,false,2021-04-26_21:35:38
FRC2,44,44,38,38,0.8600000143051147,false,2021-04-26_21:45:38
FRC2,44,44,38,38,0.8600000143051147,false,2021-04-26_21:55:38
FRC2,44,44,38,38,0.8600000143051147,false,2021-04-26_22:05:38
FRC2,44,44,38,38,0.8600000143051147,false,2021-04-26_22:15:39
FRC2,44,44,38,38,0.8600000143051147,false,2021-04-26_22:25:39
FRC2,44,44,38,38,0.8600000143051147,false,2021-04-26_22:35:39
FRC2,44,44,38,38,0.8600000143051147,false,2021-04-26_22:45:39
FRC2,44,44,38,38,0.8600000143051147,false,2021-04-26_22:55:39
FRC2,44,44,38,38,0.8600000143051147,false,2021-04-26_23:05:40
FRC2,44,44,38,38,0.8600000143051147,false,2021-04-26_23:15:40
FRC2,44,44,38,38,0.8600000143051147,false,2021-04-26_23:25:40
FRC2,44,44,38,38,0.8600000143051147,false,2021-04-26_23:35:40
FRC2,44,44,38,38,0.8600000143051147,false,2021-04-26_23:45:40
FRC2,44,44,38,38,0.8600000143051147,false,2021-04-26_23:55:41
FRC2,44,44,38,38,0.8600000143051147,false,2021-04-27_00:05:41
FRC2,44,44,38,38,0.8600000143051147,false,2021-04-27_00:15:41
FRC2,44,44,38,38,0.8600000143051147,false,2021-04-27_00:25:41
FRC2,44,44,38,38,0.8600000143051147,false,2021-04-27_00:35:41
FRC2,44,44,38,38,0.8600000143051147,false,2021-04-27_00:45:41
FRC2,44,44,38,38,0.8600000143051147,false,2021-04-27_00:55:42
FRC2,44,44,38,38,0.8600000143051147,false,2021-04-27_01:05:42
FRC2,44,44,38,38,0.8600000143051147,false,2021-04-27_01:15:42
FRC2,44,44,38,38,0.8600000143051147,false,2021-04-27_01:25:42
FRC2,44,44,38,38,0.8600000143051147,false,2021-04-27_01:35:42
FRC2,44,44,38,38,0.8600000143051147,false,2021-04-27_01:45:43
FRC2,44,44,38,38,0.8600000143051147,false,2021-04-27_01:55:46
FRC2,44,44,38,38,0.8600000143051147,false,2021-04-27_02:05:46
FRC2,44,44,38,38,0.8600000143051147,false,2021-04-27_02:15:54
FRC2,44,44,38,38,0.8600000143051147,false,2021-04-27_02:25:56
FRC2,44,44,38,38,0.8600000143051147,false,2021-04-27_02:35:56
FRC2,44,44,38,38,0.8600000143051147,false,2021-04-27_02:45:56
FRC2,44,44,38,38,0.8600000143051147,false,2021-04-27_02:55:56
FRC2,44,44,38,38,0.8600000143051147,false,2021-04-27_03:05:56
FRC2,44,44,38,38,0.8600000143051147,false,2021-04-27_03:15:57
FRC2,44,44,38,38,0.8600000143051147,false,2021-04-27_03:25:57
FRC2,44,44,38,38,0.8600000143051147,false,2021-04-27_03:35:57
FRC2,44,44,38,38,0.8600000143051147,false,2021-04-27_03:45:57
FRC2,44,44,38,38,0.8600000143051147,false,2021-04-27_03:55:57
FRC2,44,44,38,38,0.8600000143051147,false,2021-04-27_04:05:58
FRC2,44,44,38,38,0.8600000143051147,false,2021-04-27_04:15:58
FRC2,44,44,38,38,0.8600000143051147,false,2021-04-27_04:25:58
FRC2,44,44,38,38,0.8600000143051147,false,2021-04-27_04:35:58
FRC2,44,44,38,38,0.8600000143051147,false,2021-04-27_04:45:58
FRC2,44,44,38,38,0.8600000143051147,false,2021-04-27_04:55:58
FRC2,44,44,38,38,0.8600000143051147,false,2021-04-27_05:05:59
FRC2,44,44,38,38,0.8600000143051147,false,2021-04-27_05:15:59
FRC2,44,44,38,38,0.8600000143051147,false,2021-04-27_05:25:59
FRC2,44,44,38,38,0.8600000143051147,false,2021-04-27_05:35:59
FRC2,44,44,38,38,0.8600000143051147,false,2021-04-27_05:46:00
FRC2,44,44,38,38,0.8600000143051147,false,2021-04-27_05:56:00
FRC2,44,44,38,38,0.8600000143051147,false,2021-04-27_06:06:00
FRC2,44,44,38,38,0.8600000143051147,false,2021-04-27_06:16:00
FRC2,44,44,38,38,0.8600000143051147,false,2021-04-27_06:26:00
FRC2,44,44,38,38,0.8600000143051147,false,2021-04-27_06:36:01
FRC2,44,44,38,38,0.8600000143051147,false,2021-04-27_06:46:01
FRC2,44,44,38,38,0.8600000143051147,false,2021-04-27_06:56:01
FRC2,44,44,38,38,0.8600000143051147,false,2021-04-27_07:06:01
FRC2,44,44,38,38,0.8600000143051147,false,2021-04-27_07:16:01
FRC2,23,44,73,38,0.9599999785423279,false,2021-04-27_07:26:01
FRC2,29,43,58,39,0.9700000286102295,false,2021-04-27_07:36:02
FRC2,20,43,84,39,0.9800000190734863,false,2021-04-27_07:46:02
FRC2,18,43,94,39,0.9800000190734863,false,2021-04-27_07:56:02
FRC2,24,44,70,38,0.9700000286102295,false,2021-04-27_08:06:02
FRC2,24,43,70,39,0.9300000071525574,false,2021-04-27_08:16:02
FRC2,30,43,56,39,0.949999988079071,false,2021-04-27_08:26:03
FRC2,44,44,38,38,0.949999988079071,false,2021-04-27_08:36:03
FRC2,44,44,38,38,0.949999988079071,false,2021-04-27_08:46:03
FRC2,44,44,38,38,0.949999988079071,false,2021-04-27_08:56:03
FRC2,34,44,49,38,0.9800000190734863,false,2021-04-27_09:06:03
FRC2,34,43,49,39,0.9800000190734863,false,2021-04-27_09:16:04
FRC2,31,43,54,39,0.9399999976158142,false,2021-04-27_09:26:04
FRC2,44,44,38,38,0.9599999785423279,false,2021-04-27_09:36:04
FRC2,44,44,38,38,0.9599999785423279,false,2021-04-27_09:46:04
FRC2,44,44,38,38,0.9599999785423279,false,2021-04-27_09:56:04
FRC2,44,44,38,38,0.9200000166893005,false,2021-04-27_10:06:05
FRC2,34,43,49,39,0.9599999785423279,false,2021-04-27_10:16:05
FRC2,44,44,38,38,0.949999988079071,false,2021-04-27_10:26:05
FRC2,44,44,38,38,0.949999988079071,false,2021-04-27_10:36:05
FRC2,44,44,38,38,0.949999988079071,false,2021-04-27_10:46:05
FRC2,43,43,39,39,0.9100000262260437,false,2021-04-27_10:56:06
FRC2,43,43,39,39,0.9100000262260437,false,2021-04-27_11:06:06
FRC2,35,44,48,38,0.9700000286102295,false,2021-04-27_11:16:06
FRC2,34,43,49,39,0.8999999761581421,false,2021-04-27_11:26:07
FRC2,44,44,38,38,0.9300000071525574,false,2021-04-27_11:36:07
FRC2,34,44,49,38,0.9599999785423279,false,2021-04-27_11:46:07
FRC2,43,43,39,39,0.9800000190734863,false,2021-04-27_11:56:07
FRC2,44,44,38,38,0.9800000190734863,false,2021-04-27_12:06:07
FRC2,44,44,38,38,0.9800000190734863,false,2021-04-27_12:16:07
FRC2,30,43,56,39,0.9900000095367432,false,2021-04-27_12:26:08
FRC2,32,44,53,38,0.9900000095367432,false,2021-04-27_12:36:08
FRC2,23,44,73,38,0.9800000190734863,false,2021-04-27_12:46:08
FRC2,31,43,54,39,0.9900000095367432,false,2021-04-27_12:56:08
FRC2,26,43,65,39,0.9900000095367432,false,2021-04-27_13:06:08
FRC2,35,43,48,39,0.9900000095367432,false,2021-04-27_13:16:08
FRC2,29,43,58,39,0.9900000095367432,false,2021-04-27_13:26:09
FRC2,44,44,38,38,0.9800000190734863,false,2021-04-27_13:36:09
FRC2,44,44,38,38,0.9800000190734863,false,2021-04-27_13:46:09
FRC2,44,44,38,38,0.9800000190734863,false,2021-04-27_13:56:09
FRC2,29,44,58,38,0.9599999785423279,false,2021-04-27_14:06:09
FRC2,44,44,38,38,0.9300000071525574,false,2021-04-27_14:16:10
FRC2,28,43,60,39,0.949999988079071,false,2021-04-27_14:26:10
FRC2,30,43,56,39,0.8600000143051147,false,2021-04-27_14:36:10
FRC2,34,43,49,39,0.9399999976158142,false,2021-04-27_14:46:10
FRC2,33,43,51,39,0.9599999785423279,false,2021-04-27_14:56:11
FRC2,31,44,54,38,0.9800000190734863,false,2021-04-27_15:06:11
FRC2,32,44,53,38,0.9800000190734863,false,2021-04-27_15:16:11
FRC2,22,44,77,38,0.9800000190734863,false,2021-04-27_15:26:11
FRC2,33,43,51,39,1,false,2021-04-27_15:36:11
FRC2,34,43,49,39,0.9900000095367432,false,2021-04-27_15:46:12
FRC2,35,44,48,38,0.9800000190734863,false,2021-04-27_15:56:12
FRC2,27,44,62,38,0.9800000190734863,false,2021-04-27_16:06:12
FRC2,30,44,56,38,0.9800000190734863,false,2021-04-27_16:16:12
FRC2,30,43,56,39,0.9800000190734863,false,2021-04-27_16:26:13
FRC2,23,43,73,39,0.9900000095367432,false,2021-04-27_16:36:13
FRC2,20,44,84,38,0.9599999785423279,false,2021-04-27_16:46:13
FRC2,21,44,80,38,0.9700000286102295,false,2021-04-27_16:56:13
FRC2,26,43,65,39,0.9800000190734863,false,2021-04-27_17:06:13
FRC2,32,44,53,38,0.9900000095367432,false,2021-04-27_17:16:14
FRC2,32,44,53,38,0.9900000095367432,false,2021-04-27_17:26:14
FRC2,31,43,54,39,0.9800000190734863,false,2021-04-27_17:36:14
FRC2,24,43,70,39,0.9399999976158142,false,2021-04-27_17:46:14
FRC2,43,43,39,39,0.949999988079071,false,2021-04-27_17:56:15
FRC2,44,44,38,38,0.9700000286102295,false,2021-04-28_22:04:04
FRC2,44,44,38,38,0.9700000286102295,false,2021-04-28_22:14:04
FRC2,44,44,38,38,0.9700000286102295,false,2021-04-28_22:24:04
FRC2,44,44,38,38,0.9700000286102295,false,2021-04-28_22:34:04
FRC2,44,44,38,38,0.9700000286102295,false,2021-04-28_22:44:05
FRC2,44,44,38,38,0.9700000286102295,false,2021-04-28_22:54:05
FRC2,44,44,38,38,0.9700000286102295,false,2021-04-28_23:04:05
FRC2,44,44,38,38,0.9700000286102295,false,2021-04-28_23:14:05
FRC2,44,44,38,38,0.9700000286102295,false,2021-04-28_23:24:05
FRC2,44,44,38,38,0.9700000286102295,false,2021-04-28_23:34:05
FRC2,44,44,38,38,0.9700000286102295,false,2021-04-28_23:44:06
FRC2,44,44,38,38,0.9700000286102295,false,2021-04-28_23:54:06
FRC2,44,44,38,38,0.9700000286102295,false,2021-04-29_00:04:06
FRC2,44,44,38,38,0.9700000286102295,false,2021-04-29_00:14:06
FRC2,44,44,38,38,0.9700000286102295,false,2021-04-29_00:24:06
FRC2,44,44,38,38,0.9700000286102295,false,2021-04-29_00:34:06
FRC2,44,44,38,38,0.9700000286102295,false,2021-04-29_00:44:07
FRC2,44,44,38,38,0.9700000286102295,false,2021-04-29_00:54:07
FRC2,44,44,38,38,0.9700000286102295,false,2021-04-29_01:04:07
FRC2,44,44,38,38,0.9700000286102295,false,2021-04-29_01:14:07
FRC2,44,44,38,38,0.9700000286102295,false,2021-04-29_01:24:07
FRC2,44,44,38,38,0.9700000286102295,false,2021-04-29_01:34:08
FRC2,44,44,38,38,0.9700000286102295,false,2021-04-29_01:44:08
FRC2,44,44,38,38,0.9700000286102295,false,2021-04-29_01:54:08
FRC2,44,44,38,38,0.9700000286102295,false,2021-04-29_02:04:08
FRC2,44,44,38,38,0.9700000286102295,false,2021-04-29_02:14:08
FRC2,44,44,38,38,0.9700000286102295,false,2021-04-29_02:24:08
FRC2,44,44,38,38,0.9700000286102295,false,2021-04-29_02:34:09
FRC2,44,44,38,38,0.9700000286102295,false,2021-04-29_02:44:09
FRC2,44,44,38,38,0.9700000286102295,false,2021-04-29_02:54:09
FRC2,44,44,38,38,0.9700000286102295,false,2021-04-29_03:04:09
FRC2,44,44,38,38,0.9700000286102295,false,2021-04-29_03:14:09
FRC2,44,44,38,38,0.9700000286102295,false,2021-04-29_03:24:10
FRC2,44,44,38,38,0.9700000286102295,false,2021-04-29_03:34:10
FRC2,44,44,38,38,0.9700000286102295,false,2021-04-29_03:44:10
FRC2,44,44,38,38,0.9700000286102295,false,2021-04-29_03:54:10
FRC2,44,44,38,38,0.9700000286102295,false,2021-04-29_04:04:10
FRC2,44,44,38,38,0.9700000286102295,false,2021-04-29_04:14:11
FRC2,44,44,38,38,0.9700000286102295,false,2021-04-29_04:24:11
FRC2,44,44,38,38,0.9700000286102295,false,2021-04-29_04:34:11
FRC2,44,44,38,38,0.9700000286102295,false,2021-04-29_04:44:11
FRC2,44,44,38,38,0.9700000286102295,false,2021-04-29_04:54:11
FRC2,44,44,38,38,0.9700000286102295,false,2021-04-29_05:04:11
FRC2,44,44,38,38,0.9700000286102295,false,2021-04-29_05:14:12
FRC2,44,44,38,38,0.9700000286102295,false,2021-04-29_05:24:12
FRC2,44,44,38,38,0.9700000286102295,false,2021-04-29_05:34:12
FRC2,44,44,38,38,0.9700000286102295,false,2021-04-29_05:44:12
FRC2,44,44,38,38,0.9700000286102295,false,2021-04-29_05:54:12
FRC2,44,44,38,38,0.9700000286102295,false,2021-04-29_06:04:13
FRC2,44,44,38,38,0.9700000286102295,false,2021-04-29_06:14:13
FRC2,44,44,38,38,0.9700000286102295,false,2021-04-29_06:24:13
FRC2,44,44,38,38,0.9700000286102295,false,2021-04-29_06:34:13
FRC2,44,44,38,38,0.9700000286102295,false,2021-04-29_06:44:13
FRC2,44,44,38,38,0.9700000286102295,false,2021-04-29_06:54:13
FRC2,43,43,39,39,0.5099999904632568,false,2021-04-29_07:04:14
FRC2,44,44,38,38,0.7900000214576721,false,2021-04-29_07:14:14
FRC2,30,43,56,39,0.9700000286102295,false,2021-04-29_07:24:14
FRC2,28,43,60,39,0.9800000190734863,false,2021-04-29_07:34:14
FRC2,33,43,51,39,0.9800000190734863,false,2021-04-29_07:44:14
FRC2,15,45,113,37,0.9800000190734863,false,2021-04-29_07:54:14
FRC2,14,44,121,38,0.9700000286102295,false,2021-04-29_08:04:15
FRC2,35,44,48,38,0.949999988079071,false,2021-04-29_08:14:15
FRC2,44,44,38,38,0.9599999785423279,false,2021-04-29_08:24:15
FRC2,44,44,38,38,0.9599999785423279,false,2021-04-29_08:34:15
FRC2,44,44,38,38,0.9599999785423279,false,2021-04-29_08:44:15
FRC2,44,44,38,38,0.9599999785423279,false,2021-04-29_08:54:16
FRC2,44,44,38,38,0.9599999785423279,false,2021-04-29_09:04:16
FRC2,44,44,38,38,0.9599999785423279,false,2021-04-29_09:14:16
FRC2,34,44,49,38,0.9200000166893005,false,2021-04-29_09:24:16
FRC2,44,44,38,38,0.9100000262260437,false,2021-04-29_09:34:16
FRC2,44,44,38,38,0.9100000262260437,false,2021-04-29_09:44:17
FRC2,44,44,38,38,0.9100000262260437,false,2021-04-29_09:54:17
FRC2,44,44,38,38,0.9100000262260437,false,2021-04-29_10:04:17
FRC2,44,44,38,38,0.9100000262260437,false,2021-04-29_10:14:17
FRC2,44,44,38,38,0.9100000262260437,false,2021-04-29_10:24:17
FRC2,44,44,38,38,0.9100000262260437,false,2021-04-29_10:34:17
FRC2,44,44,38,38,0.9100000262260437,false,2021-04-29_10:44:18
FRC2,44,44,38,38,0.9100000262260437,false,2021-04-29_10:54:18
FRC2,34,44,49,38,0.9599999785423279,false,2021-04-29_11:04:18
FRC2,25,43,67,39,0.9900000095367432,false,2021-04-29_11:14:18
FRC2,43,43,39,39,0.9900000095367432,false,2021-04-29_11:24:18
FRC2,43,43,39,39,0.9900000095367432,false,2021-04-29_11:34:19
FRC2,29,44,58,38,0.9700000286102295,false,2021-04-29_11:44:19
FRC2,32,44,53,38,0.9700000286102295,false,2021-04-29_11:54:19
FRC2,44,44,38,38,0.9700000286102295,false,2021-04-29_12:04:19
FRC2,44,44,38,38,0.9800000190734863,false,2021-04-29_12:14:20
FRC2,43,43,39,39,0.9800000190734863,false,2021-04-29_12:24:20
FRC2,33,43,51,39,0.9900000095367432,false,2021-04-29_12:34:20
FRC2,35,44,48,38,0.9800000190734863,false,2021-04-29_12:44:20
FRC2,17,44,99,38,0.9900000095367432,false,2021-04-29_12:54:20
FRC2,24,43,70,39,0.9900000095367432,false,2021-04-29_13:04:20
FRC2,33,44,51,38,0.9700000286102295,false,2021-04-29_13:14:21
FRC2,30,44,56,38,0.9599999785423279,false,2021-04-29_13:24:21
FRC2,44,44,38,38,0.9599999785423279,false,2021-04-29_13:34:21
FRC2,44,44,38,38,0.9599999785423279,false,2021-04-29_13:44:21
FRC2,44,44,38,38,0.9599999785423279,false,2021-04-29_13:54:21
FRC2,44,44,38,38,0.9599999785423279,false,2021-04-29_14:04:22
FRC2,44,44,38,38,0.9599999785423279,false,2021-04-29_14:14:22
FRC2,44,44,38,38,0.9599999785423279,false,2021-04-29_14:24:22
FRC2,44,44,38,38,0.9800000190734863,false,2021-04-29_14:34:22
FRC2,44,44,38,38,0.9800000190734863,false,2021-04-29_14:44:22
FRC2,44,44,38,38,0.9800000190734863,false,2021-04-29_14:54:23
FRC2,33,43,51,39,0.9599999785423279,false,2021-04-29_15:04:23
FRC2,27,44,62,38,0.949999988079071,false,2021-04-29_15:14:23
FRC2,25,44,67,38,0.9800000190734863,false,2021-04-29_15:24:23
FRC2,33,43,51,39,0.9700000286102295,false,2021-04-29_15:34:23
FRC2,44,44,38,38,0.9700000286102295,false,2021-04-29_15:44:24
FRC2,44,44,38,38,0.9700000286102295,false,2021-04-29_15:54:24
FRC2,25,44,67,38,0.9800000190734863,false,2021-04-29_16:04:24
FRC2,44,44,38,38,0.9800000190734863,false,2021-04-29_16:14:24
FRC2,27,43,62,39,0.9800000190734863,false,2021-04-29_16:24:25
FRC2,27,44,62,38,0.9800000190734863,false,2021-04-29_16:34:25
FRC2,27,44,62,38,0.9800000190734863,false,2021-04-29_16:44:25
FRC2,14,45,121,37,0.9700000286102295,false,2021-04-29_16:54:25
FRC2,24,43,70,39,0.9900000095367432,false,2021-04-29_17:04:25
FRC2,28,44,60,38,0.9800000190734863,false,2021-04-29_17:14:25
FRC2,28,43,60,39,0.9800000190734863,false,2021-04-29_17:24:26
FRC2,44,44,38,38,0.9700000286102295,false,2021-05-01_07:25:35
FRC2,44,44,38,38,0.9700000286102295,false,2021-05-01_07:35:36
FRC2,44,44,38,38,0.9700000286102295,false,2021-05-01_07:45:36
FRC2,44,44,38,38,0.9700000286102295,false,2021-05-01_07:55:36
FRC2,44,44,38,38,0.9700000286102295,false,2021-05-01_08:05:36
FRC2,44,44,38,38,0.9700000286102295,false,2021-05-01_08:15:37
FRC2,44,44,38,38,0.9700000286102295,false,2021-05-01_08:25:37
FRC2,44,44,38,38,0.9700000286102295,false,2021-05-01_08:35:37
FRC2,44,44,38,38,0.9700000286102295,false,2021-05-01_08:45:37
FRC2,44,44,38,38,0.9700000286102295,false,2021-05-01_08:55:37
FRC2,44,44,38,38,0.9700000286102295,false,2021-05-01_09:05:37
FRC2,44,44,38,38,0.9700000286102295,false,2021-05-01_09:15:38
FRC2,44,44,38,38,0.9700000286102295,false,2021-05-01_09:25:38
FRC2,44,44,38,38,0.9700000286102295,false,2021-05-01_09:35:38
FRC2,44,44,38,38,0.9700000286102295,false,2021-05-01_09:45:38
FRC2,44,44,38,38,0.9700000286102295,false,2021-05-01_09:55:38
FRC2,44,44,38,38,0.9700000286102295,false,2021-05-01_10:05:39
FRC2,32,44,53,38,0.8899999856948853,false,2021-05-01_10:15:39
FRC2,44,44,38,38,0.8899999856948853,false,2021-05-01_10:25:39
FRC2,44,44,38,38,0.8899999856948853,false,2021-05-01_10:35:39
FRC2,44,44,38,38,0.8899999856948853,false,2021-05-01_10:45:39
FRC2,44,44,38,38,0.8899999856948853,false,2021-05-01_10:55:39
FRC2,44,44,38,38,0.8899999856948853,false,2021-05-01_11:05:40
FRC2,44,44,38,38,0.8899999856948853,false,2021-05-01_11:15:40
FRC2,44,44,38,38,0.8899999856948853,false,2021-05-01_11:25:40
FRC2,44,44,38,38,0.8899999856948853,false,2021-05-01_11:35:40
FRC2,44,44,38,38,0.8899999856948853,false,2021-05-01_11:45:40
FRC2,44,44,38,38,0.8899999856948853,false,2021-05-01_11:55:41
FRC2,44,44,38,38,0.8899999856948853,false,2021-05-01_12:05:41
FRC2,44,44,38,38,0.8899999856948853,false,2021-05-01_12:15:41
FRC2,44,44,38,38,0.8899999856948853,false,2021-05-01_12:25:41
FRC2,44,44,38,38,0.8899999856948853,false,2021-05-01_12:35:41
FRC2,44,44,38,38,0.8899999856948853,false,2021-05-01_12:45:41
FRC2,44,44,38,38,0.8899999856948853,false,2021-05-01_12:55:42
FRC2,29,44,58,38,0.9900000095367432,false,2021-05-01_13:05:42
FRC2,44,44,38,38,0.9900000095367432,false,2021-05-01_13:15:42
FRC2,44,44,38,38,0.9900000095367432,false,2021-05-01_13:25:42
FRC2,33,44,51,38,0.9900000095367432,false,2021-05-01_13:35:42
FRC2,43,43,39,39,0.9900000095367432,false,2021-05-01_13:45:42
FRC2,43,43,39,39,0.9900000095367432,false,2021-05-01_13:55:43
FRC2,43,43,39,39,0.9900000095367432,false,2021-05-01_14:05:43
FRC2,43,43,39,39,0.9900000095367432,false,2021-05-01_14:15:43
FRC2,43,43,39,39,0.9900000095367432,false,2021-05-01_14:25:43
FRC2,43,43,39,39,0.9900000095367432,false,2021-05-01_14:35:43
FRC2,43,43,39,39,0.9900000095367432,false,2021-05-01_14:45:44
FRC2,43,43,39,39,0.9900000095367432,false,2021-05-01_14:55:44
FRC2,43,43,39,39,0.9900000095367432,false,2021-05-01_15:05:44
FRC2,43,43,39,39,0.9900000095367432,false,2021-05-01_15:15:44
FRC2,43,43,39,39,0.9900000095367432,false,2021-05-01_15:25:44
FRC2,43,43,39,39,0.9900000095367432,false,2021-05-01_15:35:44
FRC2,43,43,39,39,0.9900000095367432,false,2021-05-01_15:45:45
FRC2,43,43,39,39,0.9900000095367432,false,2021-05-01_15:55:45
FRC2,43,43,39,39,0.9900000095367432,false,2021-05-01_16:05:45
FRC2,43,43,39,39,0.9900000095367432,false,2021-05-01_16:15:45
FRC2,28,43,60,39,0.9599999785423279,false,2021-05-01_16:25:45
FRC2,44,44,38,38,0.9700000286102295,false,2021-05-01_16:35:46
FRC2,44,44,38,38,0.9800000190734863,false,2021-05-01_16:45:46
FRC2,44,44,38,38,0.9800000190734863,false,2021-05-01_16:55:46
FRC2,44,44,38,38,0.9800000190734863,false,2021-05-01_17:05:46
FRC2,44,44,38,38,0.9800000190734863,false,2021-05-01_17:15:46
FRC2,44,44,38,38,0.9800000190734863,false,2021-05-01_17:25:46
FRC2,44,44,38,38,0.9800000190734863,false,2021-05-01_17:35:47
FRC2,44,44,38,38,0.9800000190734863,false,2021-05-01_17:45:47
FRC2,44,44,38,38,0.9800000190734863,false,2021-05-01_17:55:47
FRC2,44,44,38,38,0.9800000190734863,false,2021-05-01_18:05:47
FRC2,44,44,38,38,0.9800000190734863,false,2021-05-01_18:15:47
FRC2,44,44,38,38,0.9800000190734863,false,2021-05-01_18:25:48
FRC2,44,44,38,38,0.9800000190734863,false,2021-05-01_18:35:48
FRC2,44,44,38,38,0.9800000190734863,false,2021-05-01_18:45:48
FRC2,34,43,49,39,0.9800000190734863,false,2021-05-01_18:55:48
FRC2,43,43,39,39,0.9800000190734863,false,2021-05-01_19:05:48
FRC2,43,43,39,39,0.9800000190734863,false,2021-05-01_19:15:48
FRC2,43,43,39,39,0.9800000190734863,false,2021-05-01_19:25:49
FRC2,43,43,39,39,0.9800000190734863,false,2021-05-01_19:35:49
FRC2,43,43,39,39,0.9800000190734863,false,2021-05-01_19:45:49
FRC2,43,43,39,39,0.9800000190734863,false,2021-05-01_19:55:49
FRC2,43,43,39,39,0.9800000190734863,false,2021-05-01_20:05:49
FRC2,43,43,39,39,0.9800000190734863,false,2021-05-01_20:15:49
FRC2,43,43,39,39,0.9800000190734863,false,2021-05-01_20:25:50
FRC2,43,43,39,39,0.9800000190734863,false,2021-05-01_20:35:50
FRC2,43,43,39,39,0.9800000190734863,false,2021-05-01_20:45:50
FRC2,43,43,39,39,0.9800000190734863,false,2021-05-01_20:55:50
FRC2,43,43,39,39,0.9800000190734863,false,2021-05-01_21:05:50
FRC2,43,43,39,39,0.9800000190734863,false,2021-05-01_21:15:50
FRC2,43,43,39,39,0.9800000190734863,false,2021-05-01_21:25:51
FRC2,43,43,39,39,0.9800000190734863,false,2021-05-01_21:35:51
FRC2,43,43,39,39,0.9800000190734863,false,2021-05-01_21:45:51
FRC2,43,43,39,39,0.9800000190734863,false,2021-05-01_21:55:51
FRC2,43,43,39,39,0.9800000190734863,false,2021-05-01_22:05:51
FRC2,43,43,39,39,0.9800000190734863,false,2021-05-01_22:15:51
FRC2,43,43,39,39,0.9800000190734863,false,2021-05-01_22:25:52
FRC2,43,43,39,39,0.9800000190734863,false,2021-05-01_22:35:52
FRC2,43,43,39,39,0.9800000190734863,false,2021-05-01_22:45:52
FRC2,43,43,39,39,0.9800000190734863,false,2021-05-01_22:55:52
FRC2,43,43,39,39,0.9800000190734863,false,2021-05-01_23:05:52
FRC2,43,43,39,39,0.9800000190734863,false,2021-05-01_23:15:53
FRC2,43,43,39,39,0.9800000190734863,false,2021-05-01_23:25:53
FRC2,43,43,39,39,0.9800000190734863,false,2021-05-01_23:35:53
FRC2,43,43,39,39,0.9800000190734863,false,2021-05-01_23:37:08
FRC2,43,43,39,39,0.9800000190734863,false,2021-05-01_23:47:08
FRC2,43,43,39,39,0.9800000190734863,false,2021-05-01_23:57:08
FRC2,43,43,39,39,0.9800000190734863,false,2021-05-02_00:07:08
FRC2,43,43,39,39,0.9800000190734863,false,2021-05-02_00:17:08
FRC2,43,43,39,39,0.9800000190734863,false,2021-05-02_00:27:08
FRC2,43,43,39,39,0.9800000190734863,false,2021-05-02_00:37:09
FRC2,43,43,39,39,0.9800000190734863,false,2021-05-02_00:47:09
FRC2,43,43,39,39,0.9800000190734863,false,2021-05-02_00:57:09
FRC2,43,43,39,39,0.9800000190734863,false,2021-05-02_01:07:09
FRC2,43,43,39,39,0.9800000190734863,false,2021-05-02_01:17:09
FRC2,43,43,39,39,0.9800000190734863,false,2021-05-02_01:27:09
FRC2,43,43,39,39,0.9800000190734863,false,2021-05-02_01:37:09
FRC2,43,43,39,39,0.9800000190734863,false,2021-05-02_01:47:10
FRC2,43,43,39,39,0.9800000190734863,false,2021-05-02_01:57:10
FRC2,43,43,39,39,0.9800000190734863,false,2021-05-02_02:07:10
FRC2,43,43,39,39,0.9800000190734863,false,2021-05-02_02:17:10
FRC2,43,43,39,39,0.9800000190734863,false,2021-05-02_02:27:11
FRC2,43,43,39,39,0.9800000190734863,false,2021-05-02_02:37:11
FRC2,43,43,39,39,0.9800000190734863,false,2021-05-02_02:47:11
FRC2,43,43,39,39,0.9800000190734863,false,2021-05-02_02:57:11
FRC2,43,43,39,39,0.9800000190734863,false,2021-05-02_03:07:11
FRC2,43,43,39,39,0.9800000190734863,false,2021-05-02_03:17:12
FRC2,43,43,39,39,0.9800000190734863,false,2021-05-02_03:27:12
FRC2,43,43,39,39,0.9800000190734863,false,2021-05-02_03:37:12
FRC2,43,43,39,39,0.9800000190734863,false,2021-05-02_03:47:12
FRC2,43,43,39,39,0.9800000190734863,false,2021-05-02_03:57:12
FRC2,43,43,39,39,0.9800000190734863,false,2021-05-02_04:07:12
FRC2,43,43,39,39,0.9800000190734863,false,2021-05-02_04:17:13
FRC2,43,43,39,39,0.9800000190734863,false,2021-05-02_04:27:13
FRC2,43,43,39,39,0.9800000190734863,false,2021-05-02_04:37:13
FRC2,43,43,39,39,0.9800000190734863,false,2021-05-02_04:47:13
FRC2,43,43,39,39,0.9800000190734863,false,2021-05-02_04:57:14
FRC2,43,43,39,39,0.9800000190734863,false,2021-05-02_05:07:14
FRC2,43,43,39,39,0.9800000190734863,false,2021-05-02_05:17:14
FRC2,43,43,39,39,0.9800000190734863,false,2021-05-02_05:27:14
FRC2,43,43,39,39,0.9800000190734863,false,2021-05-02_05:37:14
FRC2,43,43,39,39,0.9800000190734863,false,2021-05-02_05:47:14
FRC2,43,43,39,39,0.9800000190734863,false,2021-05-02_05:57:14
FRC2,43,43,39,39,0.9800000190734863,false,2021-05-02_06:07:15
FRC2,43,43,39,39,0.9800000190734863,false,2021-05-02_06:17:15
FRC2,43,43,39,39,0.9800000190734863,false,2021-05-02_06:27:15
FRC2,43,43,39,39,0.9800000190734863,false,2021-05-02_06:37:15
FRC2,43,43,39,39,0.9800000190734863,false,2021-05-02_06:47:15
FRC2,43,43,39,39,0.9800000190734863,false,2021-05-02_06:57:16
FRC2,43,43,39,39,0.9800000190734863,false,2021-05-02_07:07:16
FRC2,43,43,39,39,0.9800000190734863,false,2021-05-02_07:17:16
FRC2,43,43,39,39,0.9800000190734863,false,2021-05-02_07:27:16
FRC2,43,43,39,39,0.9800000190734863,false,2021-05-02_07:37:16
FRC2,43,43,39,39,0.9800000190734863,false,2021-05-02_07:47:16
FRC2,43,43,39,39,0.9800000190734863,false,2021-05-02_07:57:17
FRC2,43,43,39,39,0.9800000190734863,false,2021-05-02_08:07:17
FRC2,43,43,39,39,0.9800000190734863,false,2021-05-02_08:17:17
FRC2,43,43,39,39,0.9800000190734863,false,2021-05-02_08:27:17
FRC2,43,43,39,39,0.9800000190734863,false,2021-05-02_08:37:17
FRC2,43,43,39,39,0.9800000190734863,false,2021-05-02_08:47:17
FRC2,43,43,39,39,0.9800000190734863,false,2021-05-02_08:57:18
FRC2,43,43,39,39,0.9800000190734863,false,2021-05-02_09:07:18
FRC2,43,43,39,39,0.9800000190734863,false,2021-05-02_09:17:18
FRC2,43,43,39,39,0.9800000190734863,false,2021-05-02_09:27:18
FRC2,43,43,39,39,0.9800000190734863,false,2021-05-02_09:37:18
FRC2,43,43,39,39,0.9800000190734863,false,2021-05-02_09:47:18
FRC2,43,43,39,39,0.9800000190734863,false,2021-05-02_09:57:19
FRC2,43,43,39,39,0.9800000190734863,false,2021-05-02_10:07:19
FRC2,43,43,39,39,0.9800000190734863,false,2021-05-02_10:17:19
FRC2,43,43,39,39,0.9800000190734863,false,2021-05-02_10:27:19
FRC2,43,43,39,39,0.9800000190734863,false,2021-05-02_10:37:19
FRC2,43,43,39,39,0.9800000190734863,false,2021-05-02_10:47:20
FRC2,43,43,39,39,0.9800000190734863,false,2021-05-02_10:57:20
FRC2,43,43,39,39,0.9800000190734863,false,2021-05-02_11:07:20
FRC2,43,43,39,39,0.9800000190734863,false,2021-05-02_11:17:20
FRC2,43,43,39,39,0.9800000190734863,false,2021-05-02_11:27:20
FRC2,43,43,39,39,0.9800000190734863,false,2021-05-02_11:37:21
FRC2,43,43,39,39,0.9800000190734863,false,2021-05-02_11:47:21
FRC2,43,43,39,39,0.9800000190734863,false,2021-05-02_11:57:21
FRC2,43,43,39,39,0.9800000190734863,false,2021-05-02_12:07:21
FRC2,43,43,39,39,0.9800000190734863,false,2021-05-02_12:17:21
FRC2,43,43,39,39,0.9800000190734863,false,2021-05-02_12:27:21
FRC2,43,43,39,39,0.9800000190734863,false,2021-05-02_12:37:24
FRC2,43,43,39,39,0.9800000190734863,false,2021-05-02_12:47:24
FRC2,43,43,39,39,0.9800000190734863,false,2021-05-02_12:57:24
FRC2,43,43,39,39,0.9800000190734863,false,2021-05-02_13:07:24
FRC2,43,43,39,39,0.9800000190734863,false,2021-05-02_13:17:25
FRC2,43,43,39,39,0.9800000190734863,false,2021-05-02_13:27:25
FRC2,43,43,39,39,0.9800000190734863,false,2021-05-02_13:37:25
FRC2,43,43,39,39,0.9800000190734863,false,2021-05-02_13:47:25
FRC2,43,43,39,39,0.9800000190734863,false,2021-05-02_13:57:25
FRC2,43,43,39,39,0.9800000190734863,false,2021-05-02_14:07:25
FRC2,43,43,39,39,0.9800000190734863,false,2021-05-02_14:17:25
FRC2,43,43,39,39,0.9800000190734863,false,2021-05-02_14:27:26
FRC2,43,43,39,39,0.9800000190734863,false,2021-05-02_14:37:26
FRC2,43,43,39,39,0.9800000190734863,false,2021-05-02_14:47:26
FRC2,43,43,39,39,0.9800000190734863,false,2021-05-02_14:57:26
FRC2,43,43,39,39,0.9800000190734863,false,2021-05-02_15:07:26
FRC2,43,43,39,39,0.9800000190734863,false,2021-05-02_15:17:27
FRC2,43,43,39,39,0.9800000190734863,false,2021-05-02_15:27:27
FRC2,43,43,39,39,0.9800000190734863,false,2021-05-02_15:37:27
FRC2,43,43,39,39,0.9800000190734863,false,2021-05-02_15:47:27
FRC2,44,44,38,38,0.9900000095367432,false,2021-05-02_15:57:27
FRC2,44,44,38,38,0.9900000095367432,false,2021-05-02_16:07:27
FRC2,44,44,38,38,0.9900000095367432,false,2021-05-02_16:17:27
FRC2,44,44,38,38,0.9900000095367432,false,2021-05-02_16:27:28
FRC2,44,44,38,38,0.9900000095367432,false,2021-05-02_16:37:28
FRC2,44,44,38,38,0.9900000095367432,false,2021-05-02_16:47:28
FRC2,43,43,39,39,0.9700000286102295,false,2021-05-02_16:57:28
FRC2,43,43,39,39,0.9700000286102295,false,2021-05-02_17:07:28
FRC2,31,44,54,38,0.9599999785423279,false,2021-05-02_17:17:28
FRC2,44,44,38,38,0.949999988079071,false,2021-05-02_17:27:29
FRC2,44,44,38,38,0.949999988079071,false,2021-05-02_17:37:29
FRC2,44,44,38,38,0.949999988079071,false,2021-05-02_17:47:29
FRC2,44,44,38,38,0.949999988079071,false,2021-05-02_17:57:29
FRC2,44,44,38,38,0.949999988079071,false,2021-05-02_18:07:29
FRC2,44,44,38,38,0.949999988079071,false,2021-05-02_18:17:29
FRC2,44,44,38,38,0.949999988079071,false,2021-05-02_18:27:30
FRC2,44,44,38,38,0.949999988079071,false,2021-05-02_18:37:30
FRC2,44,44,38,38,0.949999988079071,false,2021-05-02_18:47:30
FRC2,44,44,38,38,0.949999988079071,false,2021-05-02_18:57:30
FRC2,44,44,38,38,0.949999988079071,false,2021-05-02_19:07:30
FRC2,44,44,38,38,0.949999988079071,false,2021-05-02_19:17:30
FRC2,44,44,38,38,0.949999988079071,false,2021-05-02_19:27:31
FRC2,44,44,38,38,0.949999988079071,false,2021-05-02_19:37:31
FRC2,44,44,38,38,0.949999988079071,false,2021-05-02_19:47:31
FRC2,44,44,38,38,0.949999988079071,false,2021-05-02_19:57:31
FRC2,44,44,38,38,0.949999988079071,false,2021-05-02_20:07:31
FRC2,44,44,38,38,0.949999988079071,false,2021-05-02_20:17:31
FRC2,44,44,38,38,0.949999988079071,false,2021-05-02_20:27:32
FRC2,44,44,38,38,0.949999988079071,false,2021-05-02_20:37:32
FRC2,44,44,38,38,0.949999988079071,false,2021-05-02_20:47:32
FRC2,44,44,38,38,0.949999988079071,false,2021-05-02_20:57:32
FRC2,44,44,38,38,0.949999988079071,false,2021-05-02_21:07:32
FRC2,44,44,38,38,0.949999988079071,false,2021-05-02_21:17:32
FRC2,44,44,38,38,0.949999988079071,false,2021-05-02_21:27:33
FRC2,44,44,38,38,0.949999988079071,false,2021-05-02_21:37:33
FRC2,44,44,38,38,0.949999988079071,false,2021-05-02_21:47:33
FRC2,44,44,38,38,0.949999988079071,false,2021-05-02_21:57:33
FRC2,44,44,38,38,0.949999988079071,false,2021-05-02_22:07:33
FRC2,44,44,38,38,0.949999988079071,false,2021-05-02_22:17:33
FRC2,44,44,38,38,0.949999988079071,false,2021-05-02_22:27:34
FRC2,44,44,38,38,0.949999988079071,false,2021-05-02_22:37:34
FRC2,44,44,38,38,0.949999988079071,false,2021-05-02_22:47:34
FRC2,44,44,38,38,0.949999988079071,false,2021-05-02_22:57:34
FRC2,44,44,38,38,0.949999988079071,false,2021-05-02_23:07:34
FRC2,44,44,38,38,0.949999988079071,false,2021-05-02_23:17:34
FRC2,44,44,38,38,0.949999988079071,false,2021-05-02_23:27:35
FRC2,44,44,38,38,0.949999988079071,false,2021-05-02_23:37:35
FRC2,44,44,38,38,0.949999988079071,false,2021-05-02_23:47:35
FRC2,44,44,38,38,0.949999988079071,false,2021-05-02_23:57:35
FRC2,44,44,38,38,0.949999988079071,false,2021-05-03_00:07:35
FRC2,44,44,38,38,0.949999988079071,false,2021-05-03_00:17:35
FRC2,44,44,38,38,0.949999988079071,false,2021-05-03_00:27:36
FRC2,44,44,38,38,0.949999988079071,false,2021-05-03_00:37:36
FRC2,44,44,38,38,0.949999988079071,false,2021-05-03_00:47:36
FRC2,44,44,38,38,0.949999988079071,false,2021-05-03_00:57:36
FRC2,44,44,38,38,0.949999988079071,false,2021-05-03_01:07:36
FRC2,44,44,38,38,0.949999988079071,false,2021-05-03_01:17:36
FRC2,44,44,38,38,0.949999988079071,false,2021-05-03_01:27:37
FRC2,44,44,38,38,0.949999988079071,false,2021-05-03_01:37:37
FRC2,44,44,38,38,0.949999988079071,false,2021-05-03_01:47:37
FRC2,44,44,38,38,0.949999988079071,false,2021-05-03_01:57:37
FRC2,44,44,38,38,0.949999988079071,false,2021-05-03_02:07:37
FRC2,44,44,38,38,0.949999988079071,false,2021-05-03_02:17:38
FRC2,44,44,38,38,0.949999988079071,false,2021-05-03_02:27:38
FRC2,44,44,38,38,0.949999988079071,false,2021-05-03_02:37:38
FRC2,44,44,38,38,0.949999988079071,false,2021-05-03_02:47:38
FRC2,44,44,38,38,0.949999988079071,false,2021-05-03_02:57:38
FRC2,44,44,38,38,0.949999988079071,false,2021-05-03_03:07:38
FRC2,44,44,38,38,0.949999988079071,false,2021-05-03_03:17:39
FRC2,44,44,38,38,0.949999988079071,false,2021-05-03_03:27:39
FRC2,44,44,38,38,0.949999988079071,false,2021-05-03_03:37:39
FRC2,44,44,38,38,0.949999988079071,false,2021-05-03_03:47:39
FRC2,44,44,38,38,0.949999988079071,false,2021-05-03_03:57:39
FRC2,44,44,38,38,0.949999988079071,false,2021-05-03_04:07:39
FRC2,44,44,38,38,0.949999988079071,false,2021-05-03_04:17:40
FRC2,44,44,38,38,0.949999988079071,false,2021-05-03_04:27:40
FRC2,44,44,38,38,0.949999988079071,false,2021-05-03_04:37:40
FRC2,44,44,38,38,0.949999988079071,false,2021-05-03_04:47:40
FRC2,44,44,38,38,0.949999988079071,false,2021-05-03_04:57:40
FRC2,44,44,38,38,0.949999988079071,false,2021-05-03_05:07:40
FRC2,44,44,38,38,0.949999988079071,false,2021-05-03_05:17:41
FRC2,44,44,38,38,0.949999988079071,false,2021-05-03_05:27:41
FRC2,44,44,38,38,0.949999988079071,false,2021-05-03_05:37:41
FRC2,44,44,38,38,0.949999988079071,false,2021-05-03_05:47:41
FRC2,44,44,38,38,0.949999988079071,false,2021-05-03_05:57:41
FRC2,44,44,38,38,0.949999988079071,false,2021-05-03_06:07:42
FRC2,44,44,38,38,0.949999988079071,false,2021-05-03_06:17:42
FRC2,44,44,38,38,0.949999988079071,false,2021-05-03_06:27:42
FRC2,44,44,38,38,0.949999988079071,false,2021-05-03_06:37:42
FRC2,44,44,38,38,0.949999988079071,false,2021-05-03_06:47:42
FRC2,24,43,70,39,0.7799999713897705,false,2021-05-03_06:57:42
FRC2,34,43,49,39,0.8500000238418579,false,2021-05-03_07:07:43
FRC2,25,44,67,38,0.9700000286102295,false,2021-05-03_07:17:43
FRC2,44,44,38,38,0.9800000190734863,false,2021-05-03_07:27:43
FRC2,34,44,49,38,0.9800000190734863,false,2021-05-03_07:37:43
FRC2,13,43,130,39,0.9800000190734863,false,2021-05-03_07:47:43
FRC2,10,44,169,38,0.9700000286102295,false,2021-05-03_07:57:44
FRC2,6,44,282,38,0.9800000190734863,false,2021-05-03_08:07:44
FRC2,32,43,53,39,0.9599999785423279,false,2021-05-03_08:17:44
FRC2,26,43,65,39,0.9599999785423279,false,2021-05-03_08:27:44
FRC2,33,43,51,39,0.8100000023841858,false,2021-05-03_08:37:44
FRC2,34,44,49,38,0.8199999928474426,false,2021-05-03_08:47:44
FRC2,35,44,48,38,0.6800000071525574,false,2021-05-03_08:57:45
FRC2,44,44,38,38,0.8100000023841858,false,2021-05-03_09:07:45
FRC2,44,44,38,38,0.8100000023841858,false,2021-05-03_09:17:45
FRC2,44,44,38,38,0.8100000023841858,false,2021-05-03_09:27:45
FRC2,44,44,38,38,0.8100000023841858,false,2021-05-03_09:37:45
FRC2,44,44,38,38,0.8100000023841858,false,2021-05-03_09:47:46
FRC2,44,44,38,38,0.8100000023841858,false,2021-05-03_09:57:46
FRC2,44,44,38,38,0.8100000023841858,false,2021-05-03_10:07:46
FRC2,44,44,38,38,0.949999988079071,false,2021-05-03_10:17:46
FRC2,44,44,38,38,0.949999988079071,false,2021-05-03_10:27:46
FRC2,44,44,38,38,0.949999988079071,false,2021-05-03_10:37:47
FRC2,44,44,38,38,0.949999988079071,false,2021-05-03_10:47:47
FRC2,44,44,38,38,0.949999988079071,false,2021-05-03_10:57:47
FRC2,44,44,38,38,0.949999988079071,false,2021-05-03_11:07:47
FRC2,26,43,65,39,0.949999988079071,false,2021-05-03_11:17:47
FRC2,43,43,39,39,0.9300000071525574,false,2021-05-03_11:27:47
FRC2,43,43,39,39,0.9300000071525574,false,2021-05-03_11:37:48
FRC2,35,44,48,38,0.9700000286102295,false,2021-05-03_11:47:48
FRC2,24,44,70,38,0.9700000286102295,false,2021-05-03_11:57:48
FRC2,21,44,80,38,0.9800000190734863,false,2021-05-03_12:07:48
FRC2,34,43,49,39,0.9900000095367432,false,2021-05-03_12:17:48
FRC2,34,44,49,38,0.9900000095367432,false,2021-05-03_12:27:49
FRC2,44,44,38,38,0.9900000095367432,false,2021-05-03_12:37:49
FRC2,30,44,56,38,0.949999988079071,false,2021-05-03_12:47:49
FRC2,26,43,65,39,0.9399999976158142,false,2021-05-03_12:57:49
FRC2,28,43,60,39,0.9599999785423279,false,2021-05-03_13:07:49
FRC2,43,43,39,39,0.9599999785423279,false,2021-05-03_13:17:49
FRC2,32,44,53,38,0.9399999976158142,false,2021-05-03_13:27:50
FRC2,28,44,60,38,0.9599999785423279,false,2021-05-03_13:37:50
FRC2,29,44,58,38,0.9300000071525574,false,2021-05-03_13:47:50
FRC2,28,44,60,38,0.75,false,2021-05-03_13:57:50
FRC2,44,44,38,38,0.7400000095367432,false,2021-05-03_14:07:50
FRC2,44,44,38,38,0.7400000095367432,false,2021-05-03_14:17:51
FRC2,44,44,38,38,0.7400000095367432,false,2021-05-03_14:27:51
FRC2,44,44,38,38,0.7400000095367432,false,2021-05-03_14:37:51
FRC2,43,43,39,39,0.949999988079071,false,2021-05-03_14:47:51
FRC2,43,43,39,39,0.949999988079071,false,2021-05-03_14:57:51
FRC2,43,43,39,39,0.7599999904632568,false,2021-05-03_15:07:52
FRC2,35,44,48,38,0.9100000262260437,false,2021-05-03_15:17:52
FRC2,34,44,49,38,0.9800000190734863,false,2021-05-03_15:27:52
FRC2,35,44,48,38,0.9800000190734863,false,2021-05-03_15:37:53
FRC2,33,44,51,38,0.9700000286102295,false,2021-05-03_15:47:53
FRC2,44,44,38,38,0.949999988079071,false,2021-05-03_15:57:53
FRC2,30,43,56,39,0.9800000190734863,false,2021-05-03_16:07:53
FRC2,32,43,53,39,0.9800000190734863,false,2021-05-03_16:17:53
FRC2,25,44,67,38,0.9800000190734863,false,2021-05-03_16:27:54
FRC2,29,43,58,39,0.9800000190734863,false,2021-05-03_16:37:54
FRC2,24,44,70,38,0.9800000190734863,false,2021-05-03_16:47:54
FRC2,28,43,60,39,0.9900000095367432,false,2021-05-03_16:57:54
FRC2,28,44,60,38,0.9800000190734863,false,2021-05-03_17:07:54
FRC2,22,43,77,39,0.9800000190734863,false,2021-05-03_17:17:55
FRC2,29,44,58,38,0.9599999785423279,false,2021-05-03_17:27:55
FRC2,32,43,53,39,0.9700000286102295,false,2021-05-03_17:37:55
FRC2,24,43,70,39,0.9800000190734863,false,2021-05-03_17:47:55
FRC2,24,43,70,39,0.9700000286102295,false,2021-05-03_17:57:55
FRC2,35,44,48,38,0.9900000095367432,false,2021-05-03_18:07:56
FRC2,44,44,38,38,0.9900000095367432,false,2021-05-03_18:17:56
FRC2,34,43,49,39,0.9800000190734863,false,2021-05-03_18:27:56
FRC2,43,43,39,39,0.9800000190734863,false,2021-05-03_18:37:56
FRC2,33,43,51,39,0.9700000286102295,false,2021-05-03_18:47:56
FRC2,33,43,51,39,0.9300000071525574,false,2021-05-03_18:57:56
FRC2,32,43,53,39,0.949999988079071,false,2021-05-03_19:07:57
FRC2,43,43,39,39,0.949999988079071,false,2021-05-03_19:17:57
FRC2,43,43,39,39,0.949999988079071,false,2021-05-03_19:27:57
FRC2,32,44,53,38,0.9700000286102295,false,2021-05-03_19:37:57
FRC2,44,44,38,38,0.9700000286102295,false,2021-05-03_19:47:57
FRC2,44,44,38,38,0.9800000190734863,false,2021-05-03_19:57:58
FRC2,44,44,38,38,0.9800000190734863,false,2021-05-03_20:07:58
FRC2,44,44,38,38,0.9800000190734863,false,2021-05-03_20:17:58
FRC2,44,44,38,38,0.9800000190734863,false,2021-05-03_20:27:58
FRC2,44,44,38,38,0.9800000190734863,false,2021-05-03_20:37:58
FRC2,44,44,38,38,0.9800000190734863,false,2021-05-03_20:47:59
FRC2,44,44,38,38,0.9599999785423279,false,2021-05-03_20:57:59
FRC2,44,44,38,38,0.9599999785423279,false,2021-05-03_21:07:59
FRC2,44,44,38,38,0.9599999785423279,false,2021-05-03_21:17:59
FRC2,44,44,38,38,0.9599999785423279,false,2021-05-03_21:27:59
FRC2,44,44,38,38,0.9599999785423279,false,2021-05-03_21:37:59
FRC2,44,44,38,38,0.9599999785423279,false,2021-05-03_21:48:00
FRC2,44,44,38,38,0.9599999785423279,false,2021-05-03_21:58:00
FRC2,44,44,38,38,0.9599999785423279,false,2021-05-03_22:08:00
FRC2,31,44,54,38,0.9800000190734863,false,2021-05-04_14:45:34
FRC2,43,43,39,39,0.9700000286102295,false,2021-05-04_14:55:34
FRC2,33,43,51,39,0.9700000286102295,false,2021-05-04_15:05:34
FRC2,33,44,51,38,0.9800000190734863,false,2021-05-04_15:15:34
FRC2,44,44,38,38,0.9700000286102295,false,2021-05-04_15:25:34
FRC2,44,44,38,38,0.9700000286102295,false,2021-05-04_15:35:34
FRC2,32,44,53,38,0.9599999785423279,false,2021-05-04_15:45:35
FRC2,21,43,80,39,0.9800000190734863,false,2021-05-04_15:55:35
FRC2,28,44,60,38,0.9599999785423279,false,2021-05-04_16:05:35
FRC2,31,43,54,39,0.9300000071525574,false,2021-05-04_16:15:35
FRC2,35,43,48,39,0.9599999785423279,false,2021-05-04_16:25:35
FRC2,27,43,62,39,0.9700000286102295,false,2021-05-04_16:35:35
FRC2,26,43,65,39,0.9800000190734863,false,2021-05-04_16:45:36
FRC2,29,44,58,38,0.9700000286102295,false,2021-05-04_16:55:36
FRC2,20,45,84,37,0.9900000095367432,false,2021-05-04_17:05:36
FRC2,26,43,65,39,0.9800000190734863,false,2021-05-04_17:15:36
FRC2,23,43,73,39,0.9800000190734863,false,2021-05-04_17:25:36
FRC2,31,44,54,38,0.9599999785423279,false,2021-05-04_17:35:36
FRC2,32,43,53,39,0.949999988079071,false,2021-05-04_17:45:37
FRC2,27,44,62,38,0.9399999976158142,false,2021-05-04_17:55:37
FRC2,31,44,54,38,0.9800000190734863,false,2021-05-04_18:05:37
FRC2,30,43,56,39,0.9700000286102295,false,2021-05-04_18:15:37
FRC2,43,43,39,39,0.9800000190734863,false,2021-05-04_18:25:37
FRC2,32,44,53,38,0.9599999785423279,false,2021-05-04_18:35:37
FRC2,44,44,38,38,0.9700000286102295,false,2021-05-04_18:45:38
FRC2,44,44,38,38,0.9700000286102295,false,2021-05-04_18:55:38
FRC2,30,43,56,39,0.9800000190734863,false,2021-05-04_19:05:38
FRC2,44,44,38,38,0.9900000095367432,false,2021-05-04_19:15:38
FRC2,44,44,38,38,0.9900000095367432,false,2021-05-04_19:25:38
FRC2,26,44,65,38,0.9900000095367432,false,2021-05-04_19:35:38
FRC2,44,44,38,38,0.9900000095367432,false,2021-05-04_19:45:39
FRC2,44,44,38,38,0.9900000095367432,false,2021-05-04_19:55:39
FRC2,44,44,38,38,0.9900000095367432,false,2021-05-04_20:05:39
FRC2,44,44,38,38,0.9900000095367432,false,2021-05-04_20:15:39
FRC2,44,44,38,38,0.9800000190734863,false,2021-05-04_20:25:39
FRC2,44,44,38,38,0.9800000190734863,false,2021-05-04_20:35:40
FRC2,44,44,38,38,0.9800000190734863,false,2021-05-04_20:45:40
FRC2,44,44,38,38,0.9800000190734863,false,2021-05-04_20:55:40
FRC2,44,44,38,38,0.9800000190734863,false,2021-05-04_21:05:40
FRC2,44,44,38,38,0.9800000190734863,false,2021-05-04_21:15:40
FRC2,44,44,38,38,0.9800000190734863,false,2021-05-04_21:25:40
FRC2,44,44,38,38,0.9800000190734863,false,2021-05-04_21:35:41
FRC2,44,44,38,38,0.9800000190734863,false,2021-05-04_21:45:41
FRC2,44,44,38,38,0.9800000190734863,false,2021-05-04_21:55:41
FRC2,44,44,38,38,0.9800000190734863,false,2021-05-04_22:05:41
FRC2,44,44,38,38,0.9800000190734863,false,2021-05-04_22:15:41
FRC2,44,44,38,38,0.9800000190734863,false,2021-05-04_22:25:42
FRC2,44,44,38,38,0.9800000190734863,false,2021-05-04_22:35:42
FRC2,44,44,38,38,0.9800000190734863,false,2021-05-04_22:45:42
FRC2,44,44,38,38,0.9800000190734863,false,2021-05-04_22:55:42
FRC2,44,44,38,38,0.9800000190734863,false,2021-05-04_23:05:42
FRC2,44,44,38,38,0.9800000190734863,false,2021-05-04_23:15:42
FRC2,44,44,38,38,0.9800000190734863,false,2021-05-04_23:25:42
FRC2,44,44,38,38,0.9800000190734863,false,2021-05-04_23:35:43
FRC2,44,44,38,38,0.9800000190734863,false,2021-05-04_23:45:43
FRC2,44,44,38,38,0.9800000190734863,false,2021-05-04_23:55:43
FRC2,44,44,38,38,0.9800000190734863,false,2021-05-05_00:05:43
FRC2,44,44,38,38,0.9800000190734863,false,2021-05-05_00:15:43
FRC2,44,44,38,38,0.9800000190734863,false,2021-05-05_00:25:43
FRC2,44,44,38,38,0.9800000190734863,false,2021-05-05_00:35:44
FRC2,44,44,38,38,0.9800000190734863,false,2021-05-05_00:45:44
FRC2,44,44,38,38,0.9800000190734863,false,2021-05-05_00:55:44
FRC2,44,44,38,38,0.9800000190734863,false,2021-05-05_01:05:44
FRC2,44,44,38,38,0.9800000190734863,false,2021-05-05_01:15:44
FRC2,44,44,38,38,0.9800000190734863,false,2021-05-05_01:25:44
FRC2,44,44,38,38,0.9800000190734863,false,2021-05-05_01:35:45
FRC2,44,44,38,38,0.9800000190734863,false,2021-05-05_01:45:45
FRC2,44,44,38,38,0.9800000190734863,false,2021-05-05_01:55:45
FRC2,44,44,38,38,0.9800000190734863,false,2021-05-05_02:05:45
FRC2,44,44,38,38,0.9800000190734863,false,2021-05-05_02:15:45
FRC2,44,44,38,38,0.9800000190734863,false,2021-05-05_02:25:45
FRC2,44,44,38,38,0.9800000190734863,false,2021-05-05_02:35:45
FRC2,44,44,38,38,0.9800000190734863,false,2021-05-05_02:45:46
FRC2,44,44,38,38,0.9800000190734863,false,2021-05-05_02:55:46
FRC2,44,44,38,38,0.9800000190734863,false,2021-05-05_03:05:46
FRC2,44,44,38,38,0.9800000190734863,false,2021-05-05_03:15:46
FRC2,44,44,38,38,0.9800000190734863,false,2021-05-05_03:25:46
FRC2,44,44,38,38,0.9800000190734863,false,2021-05-05_03:35:46
FRC2,44,44,38,38,0.9800000190734863,false,2021-05-05_03:45:47
FRC2,44,44,38,38,0.9800000190734863,false,2021-05-05_03:55:47
FRC2,44,44,38,38,0.9800000190734863,false,2021-05-05_04:05:47
FRC2,44,44,38,38,0.9800000190734863,false,2021-05-05_04:15:47
FRC2,44,44,38,38,0.9800000190734863,false,2021-05-05_04:25:47
FRC2,44,44,38,38,0.9800000190734863,false,2021-05-05_04:35:47
FRC2,44,44,38,38,0.9800000190734863,false,2021-05-05_04:45:48
FRC2,44,44,38,38,0.9800000190734863,false,2021-05-05_04:55:48
FRC2,44,44,38,38,0.9800000190734863,false,2021-05-05_05:05:48
FRC2,44,44,38,38,0.9800000190734863,false,2021-05-05_05:15:48
FRC2,44,44,38,38,0.9800000190734863,false,2021-05-05_05:25:48
FRC2,44,44,38,38,0.9800000190734863,false,2021-05-05_05:35:48
FRC2,44,44,38,38,0.9800000190734863,false,2021-05-05_05:45:49
FRC2,44,44,38,38,0.9800000190734863,false,2021-05-05_05:55:49
FRC2,44,44,38,38,0.9800000190734863,false,2021-05-05_06:05:49
FRC2,44,44,38,38,0.9800000190734863,false,2021-05-05_06:15:49
FRC2,44,44,38,38,0.9800000190734863,false,2021-05-05_06:25:49
FRC2,44,44,38,38,0.9800000190734863,false,2021-05-05_06:35:49
FRC2,44,44,38,38,0.9800000190734863,false,2021-05-05_06:45:50
FRC2,24,43,70,39,0.7900000214576721,false,2021-05-05_06:55:50
FRC2,33,44,51,38,0.699999988079071,false,2021-05-05_07:05:50
FRC2,28,44,60,38,0.9599999785423279,false,2021-05-05_07:15:50
FRC2,29,44,58,38,0.9700000286102295,false,2021-05-05_07:25:50
FRC2,21,43,80,39,0.9900000095367432,false,2021-05-05_07:35:50
FRC2,9,43,188,39,0.9900000095367432,false,2021-05-05_07:45:51
FRC2,6,46,282,36,0.9800000190734863,false,2021-05-05_07:55:51
FRC2,11,44,154,38,0.9700000286102295,false,2021-05-05_08:05:51
FRC2,44,44,38,38,0.9599999785423279,false,2021-05-05_08:15:51
FRC2,34,43,49,39,0.9700000286102295,false,2021-05-05_08:25:51
FRC2,44,44,38,38,0.9599999785423279,false,2021-05-05_08:35:51
FRC2,26,43,65,39,0.9599999785423279,false,2021-05-05_08:45:52
FRC2,29,44,58,38,0.9100000262260437,false,2021-05-05_08:55:52
FRC2,33,43,51,39,0.9599999785423279,false,2021-05-05_09:05:52
FRC2,34,44,49,38,0.9700000286102295,false,2021-05-05_09:15:52
FRC2,43,43,39,39,0.9599999785423279,false,2021-05-05_09:25:52
FRC2,43,43,39,39,0.9599999785423279,false,2021-05-05_09:35:52
FRC2,43,43,39,39,0.9599999785423279,false,2021-05-05_09:45:53
FRC2,35,44,48,38,0.949999988079071,false,2021-05-05_09:55:53
FRC2,32,44,53,38,0.9599999785423279,false,2021-05-05_10:05:53
FRC2,32,44,53,38,0.9800000190734863,false,2021-05-05_10:15:53
FRC2,44,44,38,38,0.9700000286102295,false,2021-05-05_10:25:53
FRC2,29,43,58,39,0.9700000286102295,false,2021-05-05_10:35:53
FRC2,29,43,58,39,0.949999988079071,false,2021-05-05_10:45:54
FRC2,43,43,39,39,0.9399999976158142,false,2021-05-05_10:55:54
FRC2,43,43,39,39,0.9399999976158142,false,2021-05-05_11:05:54
FRC2,43,43,39,39,0.9399999976158142,false,2021-05-05_11:15:54
FRC2,43,43,39,39,0.9399999976158142,false,2021-05-05_11:20:02
FRC2,43,43,39,39,0.9399999976158142,false,2021-05-05_11:30:02
FRC2,43,43,39,39,0.9399999976158142,false,2021-05-05_11:40:02
FRC2,32,44,53,38,0.9800000190734863,false,2021-05-05_11:50:03
FRC2,34,44,49,38,0.9800000190734863,false,2021-05-05_12:00:03
FRC2,24,43,70,39,0.9700000286102295,false,2021-05-05_12:10:03
FRC2,43,43,39,39,0.9700000286102295,false,2021-05-05_12:20:03
FRC2,27,44,62,38,0.9800000190734863,false,2021-05-05_12:30:03
FRC2,34,43,49,39,0.9800000190734863,false,2021-05-05_12:40:03
FRC2,31,43,54,39,0.9800000190734863,false,2021-05-05_12:50:04
FRC2,34,44,49,38,0.9599999785423279,false,2021-05-05_13:00:04
FRC2,17,44,99,38,0.9599999785423279,false,2021-05-05_13:10:04
FRC2,31,43,54,39,0.9399999976158142,false,2021-05-05_13:20:04
FRC2,44,44,38,38,0.9599999785423279,false,2021-05-05_13:30:05
FRC2,44,44,38,38,0.9599999785423279,false,2021-05-05_13:40:05
FRC2,44,44,38,38,0.9599999785423279,false,2021-05-05_13:50:05
FRC2,27,43,62,39,0.9800000190734863,false,2021-05-05_14:00:05
FRC2,30,43,56,39,0.9700000286102295,false,2021-05-05_14:10:05
FRC2,28,44,60,38,0.949999988079071,false,2021-05-05_14:20:05
FRC2,44,44,38,38,0.9599999785423279,false,2021-05-05_14:30:06
FRC2,44,44,38,38,0.9599999785423279,false,2021-05-05_14:40:06
FRC2,28,43,60,39,0.949999988079071,false,2021-05-05_14:50:06
FRC2,44,44,38,38,0.7900000214576721,false,2021-05-05_15:00:06
FRC2,24,43,70,39,0.9700000286102295,false,2021-05-05_15:10:07
FRC2,21,43,80,39,0.9900000095367432,false,2021-05-05_15:20:07
FRC2,28,44,60,38,0.9900000095367432,false,2021-05-05_15:30:07
FRC2,43,43,39,39,0.9900000095367432,false,2021-05-05_15:40:07
FRC2,34,44,49,38,0.9800000190734863,false,2021-05-05_15:50:07
FRC2,33,43,51,39,0.9700000286102295,false,2021-05-05_16:00:08
FRC2,44,44,38,38,0.9700000286102295,false,2021-05-05_16:10:08
FRC2,26,44,65,38,0.9700000286102295,false,2021-05-05_16:20:08
FRC2,19,44,89,38,0.9800000190734863,false,2021-05-05_16:30:08
FRC2,21,43,80,39,0.9800000190734863,false,2021-05-05_16:40:08
FRC2,23,43,73,39,0.9599999785423279,false,2021-05-05_16:50:09
FRC2,23,43,73,39,0.9300000071525574,false,2021-05-05_17:00:09
FRC2,9,43,188,39,0.9700000286102295,false,2021-05-05_17:10:09
FRC2,27,43,62,39,0.9800000190734863,false,2021-05-05_17:20:09
FRC2,29,44,58,38,0.9900000095367432,false,2021-05-05_17:30:09
FRC2,31,43,54,39,1,false,2021-05-05_17:40:10
FRC2,31,44,54,38,0.9900000095367432,false,2021-05-05_17:50:10
FRC2,30,43,56,39,0.9399999976158142,false,2021-05-06_11:04:46
FRC2,32,43,53,39,0.9800000190734863,false,2021-05-06_11:14:46
FRC2,33,43,51,39,0.9700000286102295,false,2021-05-06_11:24:46
FRC2,32,44,53,38,0.9700000286102295,false,2021-05-06_11:34:46
FRC2,44,44,38,38,0.949999988079071,false,2021-05-06_11:44:47
FRC2,44,44,38,38,0.9100000262260437,false,2021-05-06_11:54:47
FRC2,33,43,51,39,0.949999988079071,false,2021-05-06_12:04:47
FRC2,34,43,49,39,0.9800000190734863,false,2021-05-06_12:14:47
FRC2,27,44,62,38,0.9900000095367432,false,2021-05-06_12:24:47
FRC2,27,44,62,38,0.9900000095367432,false,2021-05-06_12:34:48
FRC2,33,44,51,38,0.9800000190734863,false,2021-05-06_12:44:48
FRC2,25,44,67,38,0.9900000095367432,false,2021-05-06_12:54:48
FRC2,25,44,67,38,0.9800000190734863,false,2021-05-06_13:04:48
FRC2,31,43,54,39,0.9900000095367432,false,2021-05-06_13:14:48
FRC2,33,43,51,39,0.9900000095367432,false,2021-05-06_13:24:48
FRC2,43,43,39,39,0.9800000190734863,false,2021-05-06_13:34:48
FRC2,43,43,39,39,0.9800000190734863,false,2021-05-06_13:44:49
FRC2,43,43,39,39,0.9800000190734863,false,2021-05-06_13:54:49
FRC2,43,43,39,39,0.9800000190734863,false,2021-05-06_14:04:49
FRC2,43,43,39,39,0.9800000190734863,false,2021-05-06_14:14:49
FRC2,43,43,39,39,0.9700000286102295,false,2021-05-06_14:24:49
FRC2,43,43,39,39,0.9700000286102295,false,2021-05-06_14:34:49
FRC2,35,44,48,38,0.9800000190734863,false,2021-05-06_14:44:50
FRC2,32,43,53,39,0.9700000286102295,false,2021-05-06_14:54:50
FRC2,26,43,65,39,0.9800000190734863,false,2021-05-06_15:04:50
FRC2,28,44,60,38,0.9700000286102295,false,2021-05-06_15:14:50
FRC2,29,44,58,38,0.9700000286102295,false,2021-05-06_15:24:50
FRC2,29,44,58,38,0.9100000262260437,false,2021-05-06_15:34:51
FRC2,44,44,38,38,0.9100000262260437,false,2021-05-06_15:44:51
FRC2,43,43,39,39,0.8999999761581421,false,2021-05-06_15:54:51
FRC2,43,43,39,39,0.9300000071525574,false,2021-05-06_16:04:51
FRC2,32,44,53,38,0.9800000190734863,false,2021-05-06_16:14:51
FRC2,34,43,49,39,0.9800000190734863,false,2021-05-06_16:24:51
FRC2,33,43,51,39,0.9599999785423279,false,2021-05-06_16:34:52
FRC2,25,44,67,38,0.9700000286102295,false,2021-05-06_16:44:52
FRC2,19,44,89,38,0.9800000190734863,false,2021-05-06_16:54:52
FRC2,26,44,65,38,0.9700000286102295,false,2021-05-06_17:04:52
FRC2,28,44,60,38,0.9599999785423279,false,2021-05-06_17:14:52
FRC2,29,43,58,39,0.949999988079071,false,2021-05-06_17:24:52
FRC2,29,44,58,38,0.9399999976158142,false,2021-05-06_17:34:53
FRC2,22,43,77,39,0.9800000190734863,false,2021-05-06_17:44:53
FRC2,19,43,89,39,0.9599999785423279,false,2021-05-06_17:54:53
FRC2,26,43,65,39,0.9599999785423279,false,2021-05-06_18:04:53
FRC2,32,43,53,39,0.9599999785423279,false,2021-05-06_18:14:53
FRC2,27,44,62,38,0.9599999785423279,false,2021-05-06_18:24:53
FRC2,24,44,70,38,0.9399999976158142,false,2021-05-06_18:34:54
FRC2,34,44,49,38,0.9200000166893005,false,2021-05-06_18:44:54
FRC2,33,44,51,38,0.9599999785423279,false,2021-05-06_18:54:54
FRC2,43,43,39,39,0.9700000286102295,false,2021-05-06_19:04:54
FRC2,43,43,39,39,0.9700000286102295,false,2021-05-06_19:14:54
FRC2,43,43,39,39,0.9700000286102295,false,2021-05-06_19:24:54
FRC2,43,43,39,39,0.9700000286102295,false,2021-05-06_19:34:54
FRC2,43,43,39,39,0.9700000286102295,false,2021-05-06_19:44:55
FRC2,43,43,39,39,0.9700000286102295,false,2021-05-06_19:54:55
FRC2,43,43,39,39,0.9700000286102295,false,2021-05-06_20:04:55
FRC2,43,43,39,39,0.9700000286102295,false,2021-05-06_20:14:55
FRC2,43,43,39,39,0.9700000286102295,false,2021-05-06_20:24:55
FRC2,43,43,39,39,0.9700000286102295,false,2021-05-06_20:34:55
FRC2,43,43,39,39,0.9700000286102295,false,2021-05-06_20:44:56
FRC2,24,44,70,38,0.9900000095367432,false,2021-05-06_20:54:56
FRC2,30,43,56,39,0.9800000190734863,false,2021-05-06_21:04:56
FRC2,34,44,49,38,0.9700000286102295,false,2021-05-06_21:14:56
FRC2,44,44,38,38,0.9700000286102295,false,2021-05-06_21:24:56
FRC2,44,44,38,38,0.9700000286102295,false,2021-05-06_21:34:56
FRC2,44,44,38,38,0.9700000286102295,false,2021-05-06_21:44:57
FRC2,44,44,38,38,0.9700000286102295,false,2021-05-06_21:54:57
FRC2,44,44,38,38,0.9700000286102295,false,2021-05-06_22:04:57
FRC2,44,44,38,38,0.9700000286102295,false,2021-05-06_22:14:57
FRC2,44,44,38,38,0.9700000286102295,false,2021-05-06_22:24:57
FRC2,44,44,38,38,0.9700000286102295,false,2021-05-06_22:34:57
FRC2,44,44,38,38,0.9700000286102295,false,2021-05-06_22:44:57
FRC2,44,44,38,38,0.9700000286102295,false,2021-05-06_22:54:58
FRC2,44,44,38,38,0.9700000286102295,false,2021-05-06_23:04:58
FRC2,44,44,38,38,0.9700000286102295,false,2021-05-06_23:14:58
FRC2,44,44,38,38,0.9700000286102295,false,2021-05-06_23:24:58
FRC2,44,44,38,38,0.9700000286102295,false,2021-05-06_23:34:58
FRC2,44,44,38,38,0.9700000286102295,false,2021-05-06_23:44:58
FRC2,44,44,38,38,0.9700000286102295,false,2021-05-06_23:54:59
FRC2,44,44,38,38,0.9700000286102295,false,2021-05-07_00:04:59
FRC2,44,44,38,38,0.9700000286102295,false,2021-05-07_00:14:59
FRC2,44,44,38,38,0.9700000286102295,false,2021-05-07_00:24:59
FRC2,44,44,38,38,0.9700000286102295,false,2021-05-07_00:34:59
FRC2,44,44,38,38,0.9700000286102295,false,2021-05-07_00:44:59
FRC2,44,44,38,38,0.9700000286102295,false,2021-05-07_00:55:00
FRC2,44,44,38,38,0.9700000286102295,false,2021-05-07_01:05:00
FRC2,44,44,38,38,0.9700000286102295,false,2021-05-07_01:15:00
FRC2,44,44,38,38,0.9700000286102295,false,2021-05-07_01:25:00
FRC2,44,44,38,38,0.9700000286102295,false,2021-05-07_01:35:00
FRC2,44,44,38,38,0.9700000286102295,false,2021-05-07_01:45:00
FRC2,44,44,38,38,0.9700000286102295,false,2021-05-07_01:55:01
FRC2,44,44,38,38,0.9700000286102295,false,2021-05-07_02:05:01
FRC2,44,44,38,38,0.9700000286102295,false,2021-05-07_02:15:01
FRC2,44,44,38,38,0.9700000286102295,false,2021-05-07_02:25:01
FRC2,44,44,38,38,0.9700000286102295,false,2021-05-07_02:35:01
FRC2,44,44,38,38,0.9700000286102295,false,2021-05-07_02:45:02
FRC2,44,44,38,38,0.9700000286102295,false,2021-05-07_02:55:02
FRC2,44,44,38,38,0.9700000286102295,false,2021-05-07_03:05:02
FRC2,44,44,38,38,0.9700000286102295,false,2021-05-07_03:15:02
FRC2,44,44,38,38,0.9700000286102295,false,2021-05-07_03:25:02
FRC2,44,44,38,38,0.9700000286102295,false,2021-05-07_03:35:02
FRC2,44,44,38,38,0.9700000286102295,false,2021-05-07_03:45:03
FRC2,44,44,38,38,0.9700000286102295,false,2021-05-07_03:55:03
FRC2,44,44,38,38,0.9700000286102295,false,2021-05-07_04:05:03
FRC2,44,44,38,38,0.9700000286102295,false,2021-05-07_04:15:03
FRC2,44,44,38,38,0.9700000286102295,false,2021-05-07_04:25:03
FRC2,44,44,38,38,0.9700000286102295,false,2021-05-07_04:35:04
FRC2,44,44,38,38,0.9700000286102295,false,2021-05-07_04:45:04
FRC2,44,44,38,38,0.9700000286102295,false,2021-05-07_04:55:04
FRC2,44,44,38,38,0.9700000286102295,false,2021-05-07_05:05:04
FRC2,44,44,38,38,0.9700000286102295,false,2021-05-07_05:15:04
FRC2,44,44,38,38,0.9700000286102295,false,2021-05-07_05:25:05
FRC2,44,44,38,38,0.9700000286102295,false,2021-05-07_05:35:05
FRC2,44,44,38,38,0.9700000286102295,false,2021-05-07_05:45:05
FRC2,44,44,38,38,0.9700000286102295,false,2021-05-07_05:55:05
FRC2,44,44,38,38,0.9700000286102295,false,2021-05-07_06:05:05
FRC2,44,44,38,38,0.9700000286102295,false,2021-05-07_06:15:06
FRC2,44,44,38,38,0.9700000286102295,false,2021-05-07_06:25:06
FRC2,44,44,38,38,0.9700000286102295,false,2021-05-07_06:35:06
FRC2,44,44,38,38,0.9700000286102295,false,2021-05-07_06:45:06
FRC2,44,44,38,38,0.9700000286102295,false,2021-05-07_06:55:06
FRC2,44,44,38,38,0.9700000286102295,false,2021-05-07_07:05:07
FRC2,30,44,56,38,0.7900000214576721,false,2021-05-07_07:15:07
FRC2,24,44,70,38,0.9800000190734863,false,2021-05-07_07:25:07
FRC2,27,44,62,38,0.9800000190734863,false,2021-05-07_07:35:07
FRC2,15,44,113,38,0.9800000190734863,false,2021-05-07_07:45:08
FRC2,14,44,121,38,0.9800000190734863,false,2021-05-07_07:55:08
FRC2,22,44,77,38,0.9800000190734863,false,2021-05-07_08:05:08
FRC2,26,43,65,39,0.9399999976158142,false,2021-05-07_08:15:09
FRC2,33,43,51,39,0.7599999904632568,false,2021-05-07_08:25:09
FRC2,32,44,53,38,0.949999988079071,false,2021-05-07_08:35:10
FRC2,31,43,54,39,0.9800000190734863,false,2021-05-07_08:45:10
FRC2,43,43,39,39,0.9800000190734863,false,2021-05-07_08:55:11
FRC2,43,43,39,39,0.9800000190734863,false,2021-05-07_09:05:11
FRC2,43,43,39,39,0.9800000190734863,false,2021-05-07_09:15:12
FRC2,43,43,39,39,0.9800000190734863,false,2021-05-07_09:25:12
FRC2,43,43,39,39,0.9800000190734863,false,2021-05-07_09:35:13
FRC2,44,44,38,38,0.9300000071525574,false,2021-05-07_09:45:13
FRC2,44,44,38,38,0.9300000071525574,false,2021-05-07_09:55:13
FRC2,29,44,58,38,0.9700000286102295,false,2021-05-07_10:05:14
FRC2,43,43,39,39,0.9599999785423279,false,2021-05-07_10:15:14
FRC2,43,43,39,39,0.9599999785423279,false,2021-05-07_10:25:15
FRC2,43,43,39,39,0.9599999785423279,false,2021-05-07_10:35:15
FRC2,44,44,38,38,0.9399999976158142,false,2021-05-07_10:45:15
FRC2,29,44,58,38,0.9599999785423279,false,2021-05-07_10:55:16
FRC2,31,44,54,38,0.9800000190734863,false,2021-05-07_11:05:16
FRC2,44,44,38,38,0.9800000190734863,false,2021-05-07_11:15:16
FRC2,44,44,38,38,0.9800000190734863,false,2021-05-07_11:25:16
FRC2,43,43,39,39,0.9599999785423279,false,2021-05-07_11:35:16
FRC2,43,43,39,39,0.9599999785423279,false,2021-05-07_11:45:17
FRC2,44,44,38,38,0.9800000190734863,false,2021-05-07_11:55:17
FRC2,43,43,39,39,0.9800000190734863,false,2021-05-07_12:05:17
FRC2,44,44,38,38,0.9800000190734863,false,2021-05-07_12:15:17
FRC2,44,44,38,38,0.9900000095367432,false,2021-05-07_12:25:17
FRC2,34,44,49,38,0.9900000095367432,false,2021-05-07_12:35:17
FRC2,25,44,67,38,0.9900000095367432,false,2021-05-07_12:45:18
FRC2,15,43,113,39,0.9800000190734863,false,2021-05-07_12:55:18
FRC2,44,44,38,38,0.9900000095367432,false,2021-05-07_13:05:18
FRC2,30,43,56,39,0.9900000095367432,false,2021-05-07_13:15:18
FRC2,34,44,49,38,0.9800000190734863,false,2021-05-07_13:25:19
FRC2,28,44,60,38,0.9700000286102295,false,2021-05-07_13:35:19
FRC2,43,43,39,39,0.9700000286102295,false,2021-05-07_13:45:14
FRC2,43,43,39,39,0.9700000286102295,false,2021-05-07_13:55:15
FRC2,43,43,39,39,0.9700000286102295,false,2021-05-07_14:05:15
FRC2,44,44,38,38,0.9800000190734863,false,2021-05-07_14:15:15
FRC2,35,44,48,38,0.9700000286102295,false,2021-05-07_14:25:15
FRC2,44,44,38,38,0.9700000286102295,false,2021-05-07_14:35:15
FRC2,44,44,38,38,0.9700000286102295,false,2021-05-07_14:45:15
FRC2,43,43,39,39,0.9700000286102295,false,2021-05-07_14:55:16
FRC2,43,43,39,39,0.9800000190734863,false,2021-05-07_15:05:16
FRC2,30,43,56,39,0.9800000190734863,false,2021-05-07_15:15:16
FRC2,34,43,49,39,0.9900000095367432,false,2021-05-07_15:25:16
FRC2,33,44,51,38,0.9900000095367432,false,2021-05-07_15:35:16
FRC2,33,43,51,39,0.9800000190734863,false,2021-05-07_15:45:17
FRC2,35,44,48,38,0.9700000286102295,false,2021-05-07_15:55:17
FRC2,34,43,49,39,0.9800000190734863,false,2021-05-07_16:05:17
FRC2,34,44,49,38,0.9800000190734863,false,2021-05-07_16:15:17
FRC2,30,44,56,38,0.9599999785423279,false,2021-05-07_16:25:17
FRC2,27,44,62,38,0.949999988079071,false,2021-05-07_16:35:17
FRC2,32,44,53,38,0.9700000286102295,false,2021-05-07_16:45:17
FRC2,23,43,73,39,0.9800000190734863,false,2021-05-07_16:55:18
FRC2,28,43,60,39,0.9800000190734863,false,2021-05-07_17:05:18
FRC2,26,43,65,39,0.9800000190734863,false,2021-05-07_17:15:18
FRC2,31,44,54,38,0.9800000190734863,false,2021-05-07_17:25:18
FRC2,27,43,62,39,0.9700000286102295,false,2021-05-07_17:35:18
FRC2,33,44,51,38,0.9800000190734863,false,2021-05-07_17:45:19
FRC2,29,44,58,38,0.9800000190734863,false,2021-05-07_17:55:19
FRC2,29,43,58,39,0.9800000190734863,false,2021-05-07_18:05:19
FRC2,33,43,51,39,0.9800000190734863,false,2021-05-07_18:15:19
FRC2,25,44,67,38,0.9900000095367432,false,2021-05-07_18:25:19
FRC2,32,43,53,39,0.9200000166893005,false,2021-05-09_11:13:10
FRC2,43,43,39,39,0.9200000166893005,false,2021-05-09_11:23:10
FRC2,43,43,39,39,0.9200000166893005,false,2021-05-09_11:33:10
FRC2,43,43,39,39,0.9200000166893005,false,2021-05-09_11:43:10
FRC2,43,43,39,39,0.9200000166893005,false,2021-05-09_11:53:10
FRC2,43,43,39,39,0.9200000166893005,false,2021-05-09_12:03:10
FRC2,43,43,39,39,0.9200000166893005,false,2021-05-09_12:13:10
FRC2,43,43,39,39,0.9200000166893005,false,2021-05-09_12:23:11
FRC2,43,43,39,39,0.9200000166893005,false,2021-05-09_12:33:11
FRC2,43,43,39,39,0.9200000166893005,false,2021-05-09_12:43:11
FRC2,43,43,39,39,0.9200000166893005,false,2021-05-09_12:53:11
FRC2,43,43,39,39,0.9200000166893005,false,2021-05-09_13:03:11
FRC2,43,43,39,39,0.9200000166893005,false,2021-05-09_13:13:11
FRC2,43,43,39,39,0.9200000166893005,false,2021-05-09_13:23:11
FRC2,43,43,39,39,0.9200000166893005,false,2021-05-09_13:33:12
FRC2,43,43,39,39,0.9200000166893005,false,2021-05-09_13:43:12
FRC2,43,43,39,39,0.9200000166893005,false,2021-05-09_13:53:12
FRC2,43,43,39,39,0.9200000166893005,false,2021-05-09_14:03:12
FRC2,43,43,39,39,0.9200000166893005,false,2021-05-09_14:13:12
FRC2,43,43,39,39,0.9200000166893005,false,2021-05-09_14:23:12
FRC2,43,43,39,39,0.9200000166893005,false,2021-05-09_14:33:13
FRC2,43,43,39,39,0.9200000166893005,false,2021-05-09_14:43:13
FRC2,43,43,39,39,0.9200000166893005,false,2021-05-09_14:53:13
FRC2,43,43,39,39,0.9200000166893005,false,2021-05-09_15:03:13
FRC2,43,43,39,39,0.9200000166893005,false,2021-05-09_15:13:13
FRC2,43,43,39,39,0.9200000166893005,false,2021-05-09_15:23:13
FRC2,43,43,39,39,0.9200000166893005,false,2021-05-09_15:33:13
FRC2,43,43,39,39,0.9200000166893005,false,2021-05-09_15:43:13
FRC2,43,43,39,39,0.9200000166893005,false,2021-05-09_15:53:14
FRC2,43,43,39,39,0.9200000166893005,false,2021-05-09_16:03:14
FRC2,43,43,39,39,0.9200000166893005,false,2021-05-09_16:13:14
FRC2,43,43,39,39,0.9200000166893005,false,2021-05-09_16:23:14
FRC2,43,43,39,39,0.9200000166893005,false,2021-05-09_16:33:14
FRC2,43,43,39,39,0.9200000166893005,false,2021-05-09_16:43:14
FRC2,43,43,39,39,0.9200000166893005,false,2021-05-09_16:53:15
FRC2,43,43,39,39,0.9200000166893005,false,2021-05-09_17:03:15
FRC2,43,43,39,39,0.9200000166893005,false,2021-05-09_17:13:15
FRC2,43,43,39,39,0.9200000166893005,false,2021-05-09_17:23:15
FRC2,43,43,39,39,0.9200000166893005,false,2021-05-09_17:33:15
FRC2,43,43,39,39,0.9200000166893005,false,2021-05-09_17:43:15
FRC2,43,43,39,39,0.9200000166893005,false,2021-05-09_17:53:16
FRC2,43,43,39,39,0.9200000166893005,false,2021-05-09_18:03:16
FRC2,43,43,39,39,0.9200000166893005,false,2021-05-09_18:13:16
FRC2,43,43,39,39,0.9200000166893005,false,2021-05-09_18:23:16
FRC2,43,43,39,39,0.9200000166893005,false,2021-05-09_18:33:16
FRC2,43,43,39,39,0.9200000166893005,false,2021-05-09_18:43:16
FRC2,44,44,38,38,0.9800000190734863,false,2021-05-09_18:53:17
FRC2,44,44,38,38,0.9800000190734863,false,2021-05-09_19:03:17
FRC2,44,44,38,38,0.9800000190734863,false,2021-05-09_19:13:17
FRC2,44,44,38,38,0.9800000190734863,false,2021-05-09_19:23:17
FRC2,44,44,38,38,0.9800000190734863,false,2021-05-09_19:33:17
FRC2,44,44,38,38,0.9800000190734863,false,2021-05-09_19:43:17
FRC2,44,44,38,38,0.9800000190734863,false,2021-05-09_19:53:17
FRC2,44,44,38,38,0.9800000190734863,false,2021-05-09_20:03:18
FRC2,44,44,38,38,0.9800000190734863,false,2021-05-09_20:13:18
FRC2,44,44,38,38,0.9800000190734863,false,2021-05-09_20:23:18
FRC2,44,44,38,38,0.9800000190734863,false,2021-05-09_20:33:18
FRC2,44,44,38,38,0.9800000190734863,false,2021-05-09_20:43:18
FRC2,44,44,38,38,0.9800000190734863,false,2021-05-09_20:53:18
FRC2,44,44,38,38,0.9800000190734863,false,2021-05-09_21:03:19
FRC2,44,44,38,38,0.9800000190734863,false,2021-05-09_21:13:19
FRC2,44,44,38,38,0.9800000190734863,false,2021-05-09_21:23:19
FRC2,44,44,38,38,0.9800000190734863,false,2021-05-09_21:33:19
FRC2,44,44,38,38,0.9800000190734863,false,2021-05-09_21:43:19
FRC2,44,44,38,38,0.9800000190734863,false,2021-05-09_21:53:19
FRC2,44,44,38,38,0.9800000190734863,false,2021-05-09_22:03:20
FRC2,44,44,38,38,0.9800000190734863,false,2021-05-09_22:13:20
FRC2,44,44,38,38,0.9800000190734863,false,2021-05-09_22:23:20
FRC2,44,44,38,38,0.9800000190734863,false,2021-05-09_22:33:20
FRC2,44,44,38,38,0.9800000190734863,false,2021-05-09_22:43:20
FRC2,44,44,38,38,0.9800000190734863,false,2021-05-09_22:53:20
FRC2,44,44,38,38,0.9800000190734863,false,2021-05-09_23:03:21
FRC2,44,44,38,38,0.9800000190734863,false,2021-05-09_23:13:21
FRC2,44,44,38,38,0.9800000190734863,false,2021-05-09_23:23:21
FRC2,44,44,38,38,0.9800000190734863,false,2021-05-09_23:33:21
FRC2,44,44,38,38,0.9800000190734863,false,2021-05-09_23:43:21
FRC2,44,44,38,38,0.9800000190734863,false,2021-05-09_23:53:21
FRC2,44,44,38,38,0.9800000190734863,false,2021-05-10_00:03:22
FRC2,44,44,38,38,0.9800000190734863,false,2021-05-10_00:13:22
FRC2,44,44,38,38,0.9800000190734863,false,2021-05-10_00:23:22
FRC2,44,44,38,38,0.9800000190734863,false,2021-05-10_00:33:22
FRC2,44,44,38,38,0.9800000190734863,false,2021-05-10_00:43:22
FRC2,44,44,38,38,0.9800000190734863,false,2021-05-10_00:53:22
FRC2,44,44,38,38,0.9800000190734863,false,2021-05-10_01:03:23
FRC2,44,44,38,38,0.9800000190734863,false,2021-05-10_01:13:23
FRC2,44,44,38,38,0.9800000190734863,false,2021-05-10_01:23:23
FRC2,44,44,38,38,0.9800000190734863,false,2021-05-10_01:33:23
FRC2,44,44,38,38,0.9800000190734863,false,2021-05-10_01:43:23
FRC2,44,44,38,38,0.9800000190734863,false,2021-05-10_01:53:24
FRC2,44,44,38,38,0.9800000190734863,false,2021-05-10_02:03:24
FRC2,44,44,38,38,0.9800000190734863,false,2021-05-10_02:13:24
FRC2,44,44,38,38,0.9800000190734863,false,2021-05-10_02:23:24
FRC2,44,44,38,38,0.9800000190734863,false,2021-05-10_02:33:24
FRC2,44,44,38,38,0.9800000190734863,false,2021-05-10_02:43:24
FRC2,44,44,38,38,0.9800000190734863,false,2021-05-10_02:53:25
FRC2,44,44,38,38,0.9800000190734863,false,2021-05-10_03:03:25
FRC2,44,44,38,38,0.9800000190734863,false,2021-05-10_03:13:25
FRC2,44,44,38,38,0.9800000190734863,false,2021-05-10_03:23:25
FRC2,44,44,38,38,0.9800000190734863,false,2021-05-10_03:33:25
FRC2,44,44,38,38,0.9800000190734863,false,2021-05-10_03:43:25
FRC2,44,44,38,38,0.9800000190734863,false,2021-05-10_03:53:26
FRC2,44,44,38,38,0.9800000190734863,false,2021-05-10_04:03:26
FRC2,44,44,38,38,0.9800000190734863,false,2021-05-10_04:13:26
FRC2,44,44,38,38,0.9800000190734863,false,2021-05-10_04:23:26
FRC2,44,44,38,38,0.9800000190734863,false,2021-05-10_04:33:26
FRC2,44,44,38,38,0.9800000190734863,false,2021-05-10_04:43:26
FRC2,44,44,38,38,0.9800000190734863,false,2021-05-10_04:53:27
FRC2,44,44,38,38,0.9800000190734863,false,2021-05-10_05:03:27
FRC2,44,44,38,38,0.9800000190734863,false,2021-05-10_05:13:27
FRC2,44,44,38,38,0.9800000190734863,false,2021-05-10_05:23:27
FRC2,44,44,38,38,0.9800000190734863,false,2021-05-10_05:33:27
FRC2,44,44,38,38,0.9800000190734863,false,2021-05-10_05:43:28
FRC2,44,44,38,38,0.9800000190734863,false,2021-05-10_05:53:28
FRC2,44,44,38,38,0.9800000190734863,false,2021-05-10_06:03:28
FRC2,44,44,38,38,0.9800000190734863,false,2021-05-10_06:13:28
FRC2,44,44,38,38,0.9800000190734863,false,2021-05-10_06:23:28
FRC2,44,44,38,38,0.9800000190734863,false,2021-05-10_06:33:28
FRC2,44,44,38,38,0.9800000190734863,false,2021-05-10_06:43:29
FRC2,44,44,38,38,0.9800000190734863,false,2021-05-10_06:53:29
FRC2,35,44,48,38,0.8100000023841858,false,2021-05-10_07:03:29
FRC2,32,44,53,38,0.75,false,2021-05-10_07:13:29
FRC2,34,43,49,39,0.949999988079071,false,2021-05-10_07:23:29
FRC2,29,44,58,38,0.9700000286102295,false,2021-05-10_07:33:29
FRC2,17,43,99,39,0.9700000286102295,false,2021-05-10_07:43:30
FRC2,7,46,242,36,0.9800000190734863,false,2021-05-10_07:53:30
FRC2,19,43,89,39,0.9700000286102295,false,2021-05-10_08:03:30
FRC2,12,44,141,38,0.9599999785423279,false,2021-05-10_08:13:30
FRC2,32,44,53,38,0.949999988079071,false,2021-05-10_08:23:30
FRC2,29,44,58,38,0.9399999976158142,false,2021-05-10_08:33:31
FRC2,33,43,51,39,0.8700000047683716,false,2021-05-10_08:43:31
FRC2,30,43,56,39,0.9300000071525574,false,2021-05-10_08:53:31
FRC2,43,43,39,39,0.9300000071525574,false,2021-05-10_09:03:31
FRC2,31,44,54,38,0.8700000047683716,false,2021-05-10_09:13:31
FRC2,30,43,56,39,0.7799999713897705,false,2021-05-10_09:23:31
FRC2,44,44,38,38,0.7900000214576721,false,2021-05-10_09:33:32
FRC2,44,44,38,38,0.7900000214576721,false,2021-05-10_09:43:32
FRC2,33,44,51,38,0.9700000286102295,false,2021-05-10_09:53:32
FRC2,44,44,38,38,0.9700000286102295,false,2021-05-10_10:03:32
FRC2,44,44,38,38,0.9700000286102295,false,2021-05-10_10:13:32
FRC2,44,44,38,38,0.9700000286102295,false,2021-05-10_10:23:32
FRC2,44,44,38,38,0.9700000286102295,false,2021-05-10_10:33:33
FRC2,44,44,38,38,0.9700000286102295,false,2021-05-10_10:43:33
FRC2,33,44,51,38,0.8600000143051147,false,2021-05-10_10:53:33
FRC2,44,44,38,38,0.8600000143051147,false,2021-05-10_11:03:33
FRC2,44,44,38,38,0.8600000143051147,false,2021-05-10_11:13:33
FRC2,44,44,38,38,0.8600000143051147,false,2021-05-10_11:23:33
FRC2,33,44,51,38,0.9599999785423279,false,2021-05-10_11:33:34
FRC2,31,44,54,38,0.9599999785423279,false,2021-05-10_11:43:34
FRC2,30,43,56,39,0.9599999785423279,false,2021-05-10_11:53:34
FRC2,34,43,49,39,0.9599999785423279,false,2021-05-10_12:03:34
FRC2,33,44,51,38,0.9700000286102295,false,2021-05-10_12:13:34
FRC2,28,44,60,38,0.9599999785423279,false,2021-05-10_12:23:35
FRC2,33,43,51,39,0.9800000190734863,false,2021-05-10_12:33:35
FRC2,34,44,49,38,0.9700000286102295,false,2021-05-10_12:43:35
FRC2,31,43,54,39,0.9800000190734863,false,2021-05-10_12:53:35
FRC2,12,45,141,37,0.9800000190734863,false,2021-05-10_13:03:36
FRC2,27,43,62,39,0.9800000190734863,false,2021-05-10_13:13:36
FRC2,43,43,39,39,0.9599999785423279,false,2021-05-10_13:23:36
FRC2,43,43,39,39,0.9599999785423279,false,2021-05-10_13:33:37
FRC2,33,44,51,38,0.949999988079071,false,2021-05-10_13:43:37
FRC2,44,44,38,38,0.949999988079071,false,2021-05-10_13:53:37
FRC2,29,43,58,39,0.9800000190734863,false,2021-05-10_14:03:37
FRC2,44,44,38,38,0.9800000190734863,false,2021-05-10_14:13:37
FRC2,44,44,38,38,0.9800000190734863,false,2021-05-10_14:23:38
FRC2,28,44,60,38,0.9800000190734863,false,2021-05-10_14:33:38
FRC2,29,44,58,38,0.9599999785423279,false,2021-05-10_14:43:38
FRC2,30,43,56,39,0.8999999761581421,false,2021-05-10_14:53:38
FRC2,43,43,39,39,0.6499999761581421,false,2021-05-10_15:03:39
FRC2,44,44,38,38,0.7400000095367432,false,2021-05-10_15:13:39
FRC2,43,43,39,39,0.9700000286102295,false,2021-05-10_15:23:39
FRC2,29,44,58,38,0.9700000286102295,false,2021-05-10_15:33:39
FRC2,29,43,58,39,0.9700000286102295,false,2021-05-10_15:43:39
FRC2,44,44,38,38,0.9700000286102295,false,2021-05-10_15:53:39
FRC2,35,44,48,38,0.9800000190734863,false,2021-05-10_16:03:40
FRC2,32,43,53,39,0.9700000286102295,false,2021-05-10_16:13:40
FRC2,31,44,54,38,0.9599999785423279,false,2021-05-10_16:23:40
FRC2,24,44,70,38,0.9800000190734863,false,2021-05-10_16:33:40
FRC2,23,43,73,39,0.9900000095367432,false,2021-05-10_16:43:40
FRC2,26,44,65,38,0.9900000095367432,false,2021-05-10_16:53:41
FRC2,43,43,39,39,0.9900000095367432,false,2021-05-10_18:55:17
FRC2,44,44,38,38,0.9900000095367432,false,2021-05-10_19:05:17
FRC2,34,43,49,39,0.9900000095367432,false,2021-05-10_19:15:17
FRC2,43,43,39,39,0.9900000095367432,false,2021-05-10_19:25:18
FRC2,43,43,39,39,0.9900000095367432,false,2021-05-10_19:35:18
FRC2,43,43,39,39,0.9900000095367432,false,2021-05-10_19:45:18
FRC2,43,43,39,39,0.9900000095367432,false,2021-05-10_19:55:18
FRC2,35,44,48,38,0.9800000190734863,false,2021-05-10_20:05:18
FRC2,33,43,51,39,0.9700000286102295,false,2021-05-10_20:15:18
FRC2,44,44,38,38,0.9800000190734863,false,2021-05-10_20:25:19
FRC2,44,44,38,38,0.9800000190734863,false,2021-05-10_20:35:19
FRC2,44,44,38,38,0.9800000190734863,false,2021-05-10_20:45:19
FRC2,44,44,38,38,0.9800000190734863,false,2021-05-10_20:55:19
FRC2,44,44,38,38,0.9800000190734863,false,2021-05-10_21:05:19
FRC2,44,44,38,38,0.9800000190734863,false,2021-05-10_21:15:19
FRC2,44,44,38,38,0.9800000190734863,false,2021-05-10_21:25:20
FRC2,44,44,38,38,0.9800000190734863,false,2021-05-10_21:35:20
FRC2,44,44,38,38,0.9800000190734863,false,2021-05-10_21:45:20
FRC2,44,44,38,38,0.9800000190734863,false,2021-05-10_21:55:20
FRC2,44,44,38,38,0.9800000190734863,false,2021-05-10_22:05:20
FRC2,44,44,38,38,0.9800000190734863,false,2021-05-10_22:15:21
FRC2,44,44,38,38,0.9800000190734863,false,2021-05-10_22:25:21
FRC2,44,44,38,38,0.9800000190734863,false,2021-05-10_22:35:21
FRC2,44,44,38,38,0.9800000190734863,false,2021-05-10_22:45:21
FRC2,44,44,38,38,0.9800000190734863,false,2021-05-10_22:55:21
FRC2,44,44,38,38,0.9800000190734863,false,2021-05-10_23:05:22
FRC2,44,44,38,38,0.9800000190734863,false,2021-05-10_23:15:22
FRC2,44,44,38,38,0.9800000190734863,false,2021-05-10_23:25:22
FRC2,44,44,38,38,0.9800000190734863,false,2021-05-10_23:35:22
FRC2,44,44,38,38,0.9800000190734863,false,2021-05-10_23:45:22
FRC2,44,44,38,38,0.9800000190734863,false,2021-05-10_23:55:22
FRC2,44,44,38,38,0.9800000190734863,false,2021-05-11_00:05:23
FRC2,44,44,38,38,0.9800000190734863,false,2021-05-11_00:15:23
FRC2,44,44,38,38,0.9800000190734863,false,2021-05-11_00:25:23
FRC2,44,44,38,38,0.9800000190734863,false,2021-05-11_00:35:23
FRC2,44,44,38,38,0.9800000190734863,false,2021-05-11_00:45:23
FRC2,44,44,38,38,0.9800000190734863,false,2021-05-11_00:55:23
FRC2,44,44,38,38,0.9800000190734863,false,2021-05-11_01:05:23
FRC2,44,44,38,38,0.9800000190734863,false,2021-05-11_01:15:24
FRC2,44,44,38,38,0.9800000190734863,false,2021-05-11_01:25:24
FRC2,44,44,38,38,0.9800000190734863,false,2021-05-11_01:35:24
FRC2,44,44,38,38,0.9800000190734863,false,2021-05-11_01:45:24
FRC2,44,44,38,38,0.9800000190734863,false,2021-05-11_01:55:24
FRC2,44,44,38,38,0.9800000190734863,false,2021-05-11_02:05:25
FRC2,44,44,38,38,0.9800000190734863,false,2021-05-11_02:15:25
FRC2,44,44,38,38,0.9800000190734863,false,2021-05-11_02:25:25
FRC2,44,44,38,38,0.9800000190734863,false,2021-05-11_02:35:26
FRC2,44,44,38,38,0.9800000190734863,false,2021-05-11_02:45:26
FRC2,44,44,38,38,0.9800000190734863,false,2021-05-11_02:55:26
FRC2,44,44,38,38,0.9800000190734863,false,2021-05-11_03:05:26
FRC2,44,44,38,38,0.9800000190734863,false,2021-05-11_03:15:26
FRC2,44,44,38,38,0.9800000190734863,false,2021-05-11_03:25:26
FRC2,44,44,38,38,0.9800000190734863,false,2021-05-11_03:35:27
FRC2,44,44,38,38,0.9800000190734863,false,2021-05-11_03:45:27
FRC2,44,44,38,38,0.9800000190734863,false,2021-05-11_03:55:27
FRC2,44,44,38,38,0.9800000190734863,false,2021-05-11_04:05:27
FRC2,44,44,38,38,0.9800000190734863,false,2021-05-11_04:15:27
FRC2,44,44,38,38,0.9800000190734863,false,2021-05-11_04:25:27
FRC2,44,44,38,38,0.9800000190734863,false,2021-05-11_04:35:28
FRC2,44,44,38,38,0.9800000190734863,false,2021-05-11_04:45:28
FRC2,44,44,38,38,0.9800000190734863,false,2021-05-11_04:55:28
FRC2,44,44,38,38,0.9800000190734863,false,2021-05-11_05:05:28
FRC2,44,44,38,38,0.9800000190734863,false,2021-05-11_05:15:28
FRC2,44,44,38,38,0.9800000190734863,false,2021-05-11_05:25:29
FRC2,44,44,38,38,0.9800000190734863,false,2021-05-11_05:35:29
FRC2,44,44,38,38,0.9800000190734863,false,2021-05-11_05:45:29
FRC2,44,44,38,38,0.9800000190734863,false,2021-05-11_05:55:29
FRC2,44,44,38,38,0.9800000190734863,false,2021-05-11_06:05:29
FRC2,44,44,38,38,0.9800000190734863,false,2021-05-11_06:15:30
FRC2,44,44,38,38,0.9800000190734863,false,2021-05-11_06:25:30
FRC2,44,44,38,38,0.9800000190734863,false,2021-05-11_06:35:30
FRC2,44,44,38,38,0.9800000190734863,false,2021-05-11_06:45:30
FRC2,44,44,38,38,0.9800000190734863,false,2021-05-11_06:55:30
FRC2,44,44,38,38,0.9800000190734863,false,2021-05-11_07:05:31
FRC2,44,44,38,38,0.9800000190734863,false,2021-05-11_07:15:31
FRC2,27,43,62,39,0.9800000190734863,false,2021-05-11_07:25:31
FRC2,21,44,80,38,0.9800000190734863,false,2021-05-11_07:35:31
FRC2,23,44,73,38,0.9800000190734863,false,2021-05-11_07:45:31
FRC2,12,43,141,39,0.9700000286102295,false,2021-05-11_07:55:32
FRC2,12,44,141,38,0.9599999785423279,false,2021-05-11_08:05:32
FRC2,33,44,51,38,0.9599999785423279,false,2021-05-11_08:15:32
FRC2,27,43,62,39,0.9700000286102295,false,2021-05-11_08:25:32
FRC2,27,44,62,38,0.9800000190734863,false,2021-05-11_08:35:32
FRC2,44,44,38,38,0.9800000190734863,false,2021-05-11_08:45:32
FRC2,31,43,54,39,0.9800000190734863,false,2021-05-11_08:55:33
FRC2,44,44,38,38,0.9800000190734863,false,2021-05-11_09:05:33
FRC2,44,44,38,38,0.9800000190734863,false,2021-05-11_09:15:33
FRC2,44,44,38,38,0.9800000190734863,false,2021-05-11_09:25:33
FRC2,44,44,38,38,0.9800000190734863,false,2021-05-11_09:35:33
FRC2,44,44,38,38,0.9800000190734863,false,2021-05-11_09:45:34
FRC2,44,44,38,38,0.9800000190734863,false,2021-05-11_09:55:34
FRC2,44,44,38,38,0.9800000190734863,false,2021-05-11_10:05:34
FRC2,44,44,38,38,0.9800000190734863,false,2021-05-11_10:15:34
FRC2,27,44,62,38,0.9700000286102295,false,2021-05-11_10:25:34
FRC2,44,44,38,38,0.9700000286102295,false,2021-05-11_10:35:34
FRC2,27,44,62,38,0.9700000286102295,false,2021-05-11_10:45:35
FRC2,35,44,48,38,0.9300000071525574,false,2021-05-11_10:55:35
FRC2,44,44,38,38,0.9300000071525574,false,2021-05-11_11:05:35
FRC2,44,44,38,38,0.9300000071525574,false,2021-05-11_11:15:35
FRC2,44,44,38,38,0.9300000071525574,false,2021-05-11_11:25:36
FRC2,44,44,38,38,0.9300000071525574,false,2021-05-11_11:35:36
FRC2,44,44,38,38,0.9300000071525574,false,2021-05-11_11:45:36
FRC2,30,43,56,39,0.9800000190734863,false,2021-05-11_11:55:37
FRC2,33,43,51,39,0.9900000095367432,false,2021-05-11_12:05:37
FRC2,44,44,38,38,0.9900000095367432,false,2021-05-11_12:15:37
FRC2,43,43,39,39,0.9900000095367432,false,2021-05-11_12:25:37
FRC2,34,43,49,39,0.9900000095367432,false,2021-05-11_12:35:38
FRC2,31,44,54,38,0.9900000095367432,false,2021-05-11_12:45:39
FRC2,29,43,58,39,0.9900000095367432,false,2021-05-11_12:55:40
FRC2,29,44,58,38,0.9900000095367432,false,2021-05-11_13:05:40
FRC2,44,44,38,38,0.9900000095367432,false,2021-05-11_13:15:40
FRC2,43,43,39,39,0.9900000095367432,false,2021-05-11_13:25:40
FRC2,28,44,60,38,0.9800000190734863,false,2021-05-11_13:35:41
FRC2,35,43,48,39,0.9700000286102295,false,2021-05-11_13:45:41
FRC2,43,43,39,39,0.9700000286102295,false,2021-05-11_13:55:42
FRC2,33,44,51,38,0.9200000166893005,false,2021-05-11_14:05:42
FRC2,44,44,38,38,0.6200000047683716,false,2021-05-11_14:15:42
FRC2,44,44,38,38,0.6200000047683716,false,2021-05-11_14:25:42
FRC2,44,44,38,38,0.6200000047683716,false,2021-05-11_14:35:42
FRC2,26,43,65,39,0.9399999976158142,false,2021-05-11_14:45:43
FRC2,31,44,54,38,0.9700000286102295,false,2021-05-11_14:55:43
FRC2,34,43,49,39,0.9800000190734863,false,2021-05-11_15:05:43
FRC2,32,44,53,38,0.9599999785423279,false,2021-05-11_15:15:43
FRC2,35,44,48,38,0.9800000190734863,false,2021-05-11_15:25:43
FRC2,34,44,49,38,0.9800000190734863,false,2021-05-11_15:35:43
FRC2,28,44,60,38,0.9900000095367432,false,2021-05-11_15:45:44
FRC2,33,44,51,38,0.9700000286102295,false,2021-05-11_15:55:44
FRC2,33,44,51,38,0.9900000095367432,false,2021-05-11_16:05:44
FRC2,44,44,38,38,0.9800000190734863,false,2021-05-11_16:15:44
FRC2,24,44,70,38,0.9800000190734863,false,2021-05-11_16:25:44
FRC2,30,44,56,38,0.9800000190734863,false,2021-05-11_16:35:45
FRC2,21,43,80,39,0.9599999785423279,false,2021-05-11_16:45:45
FRC2,24,43,70,39,0.9700000286102295,false,2021-05-11_16:55:45
FRC2,20,44,84,38,0.9800000190734863,false,2021-05-11_17:05:45
FRC2,18,43,94,39,0.9800000190734863,false,2021-05-11_17:15:45
FRC2,23,44,73,38,0.9700000286102295,false,2021-05-11_17:25:45
FRC2,44,44,38,38,0.949999988079071,false,2021-05-11_23:51:36
FRC2,44,44,38,38,0.949999988079071,false,2021-05-12_00:01:36
FRC2,44,44,38,38,0.949999988079071,false,2021-05-12_00:11:36
FRC2,44,44,38,38,0.949999988079071,false,2021-05-12_00:21:36
FRC2,44,44,38,38,0.949999988079071,false,2021-05-12_00:31:36
FRC2,44,44,38,38,0.949999988079071,false,2021-05-12_00:41:36
FRC2,44,44,38,38,0.949999988079071,false,2021-05-12_00:51:37
FRC2,44,44,38,38,0.949999988079071,false,2021-05-12_01:01:37
FRC2,44,44,38,38,0.949999988079071,false,2021-05-12_01:11:37
FRC2,44,44,38,38,0.949999988079071,false,2021-05-12_01:21:37
FRC2,44,44,38,38,0.949999988079071,false,2021-05-12_01:31:37
FRC2,44,44,38,38,0.949999988079071,false,2021-05-12_01:41:38
FRC2,44,44,38,38,0.949999988079071,false,2021-05-12_01:51:38
FRC2,44,44,38,38,0.949999988079071,false,2021-05-12_02:01:38
FRC2,44,44,38,38,0.949999988079071,false,2021-05-12_02:11:38
FRC2,44,44,38,38,0.949999988079071,false,2021-05-12_02:21:39
FRC2,44,44,38,38,0.949999988079071,false,2021-05-12_02:31:39
FRC2,44,44,38,38,0.949999988079071,false,2021-05-12_02:41:39
FRC2,44,44,38,38,0.949999988079071,false,2021-05-12_02:51:39
FRC2,44,44,38,38,0.949999988079071,false,2021-05-12_03:01:39
FRC2,44,44,38,38,0.949999988079071,false,2021-05-12_03:11:39
FRC2,44,44,38,38,0.949999988079071,false,2021-05-12_03:21:39
FRC2,44,44,38,38,0.949999988079071,false,2021-05-12_03:31:39
FRC2,44,44,38,38,0.949999988079071,false,2021-05-12_03:41:40
FRC2,44,44,38,38,0.949999988079071,false,2021-05-12_03:51:40
FRC2,44,44,38,38,0.949999988079071,false,2021-05-12_04:01:40
FRC2,44,44,38,38,0.949999988079071,false,2021-05-12_04:11:40
FRC2,44,44,38,38,0.949999988079071,false,2021-05-12_04:21:40
FRC2,44,44,38,38,0.949999988079071,false,2021-05-12_04:31:40
FRC2,44,44,38,38,0.949999988079071,false,2021-05-12_04:41:40
FRC2,44,44,38,38,0.949999988079071,false,2021-05-12_04:51:41
FRC2,44,44,38,38,0.949999988079071,false,2021-05-12_05:01:41
FRC2,44,44,38,38,0.949999988079071,false,2021-05-12_05:11:41
FRC2,44,44,38,38,0.949999988079071,false,2021-05-12_05:21:42
FRC2,44,44,38,38,0.949999988079071,false,2021-05-12_05:31:42
FRC2,44,44,38,38,0.949999988079071,false,2021-05-12_05:41:42
FRC2,44,44,38,38,0.949999988079071,false,2021-05-12_05:51:43
FRC2,44,44,38,38,0.949999988079071,false,2021-05-12_06:01:44
FRC2,44,44,38,38,0.949999988079071,false,2021-05-12_06:11:44
FRC2,44,44,38,38,0.949999988079071,false,2021-05-12_06:21:44
FRC2,44,44,38,38,0.949999988079071,false,2021-05-12_06:31:44
FRC2,44,44,38,38,0.949999988079071,false,2021-05-12_06:41:44
FRC2,44,44,38,38,0.949999988079071,false,2021-05-12_06:51:44
FRC2,28,44,60,38,0.8500000238418579,false,2021-05-12_07:01:45
FRC2,44,44,38,38,0.949999988079071,false,2021-05-12_07:11:45
FRC2,26,43,65,39,0.9700000286102295,false,2021-05-12_07:21:45
FRC2,22,44,77,38,0.9800000190734863,false,2021-05-12_07:31:45
FRC2,11,46,154,36,0.9800000190734863,false,2021-05-12_07:41:45
FRC2,8,42,212,40,0.9900000095367432,false,2021-05-12_07:51:45
FRC2,9,43,188,39,0.9800000190734863,false,2021-05-12_08:01:46
FRC2,13,42,130,40,0.9800000190734863,false,2021-05-12_08:11:46
FRC2,21,43,80,39,0.9800000190734863,false,2021-05-12_08:21:46
FRC2,32,43,53,39,0.9700000286102295,false,2021-05-12_08:31:46
FRC2,27,44,62,38,0.9800000190734863,false,2021-05-12_08:41:46
FRC2,44,44,38,38,0.9700000286102295,false,2021-05-12_08:51:46
FRC2,44,44,38,38,0.9700000286102295,false,2021-05-12_09:01:46
FRC2,44,44,38,38,0.9700000286102295,false,2021-05-12_09:11:47
FRC2,44,44,38,38,0.9700000286102295,false,2021-05-12_09:21:47
FRC2,44,44,38,38,0.9700000286102295,false,2021-05-12_09:31:47
FRC2,44,44,38,38,0.9700000286102295,false,2021-05-12_09:41:48
FRC2,44,44,38,38,0.9700000286102295,false,2021-05-12_09:51:48
FRC2,44,44,38,38,0.9700000286102295,false,2021-05-12_10:01:48
FRC2,44,44,38,38,0.9700000286102295,false,2021-05-12_10:11:48
FRC2,44,44,38,38,0.9700000286102295,false,2021-05-12_10:21:49
FRC2,44,44,38,38,0.9700000286102295,false,2021-05-12_10:31:49
FRC2,44,44,38,38,0.9700000286102295,false,2021-05-12_10:41:49
FRC2,44,44,38,38,0.9700000286102295,false,2021-05-12_10:51:49
FRC2,44,44,38,38,0.9700000286102295,false,2021-05-12_11:01:49
FRC2,34,43,49,39,0.9599999785423279,false,2021-05-12_11:11:49
FRC2,28,44,60,38,0.9700000286102295,false,2021-05-12_11:21:49
FRC2,33,44,51,38,0.9700000286102295,false,2021-05-12_11:31:50
FRC2,34,43,49,39,0.9599999785423279,false,2021-05-12_11:41:50
FRC2,26,43,65,39,0.9800000190734863,false,2021-05-12_11:51:50
FRC2,30,43,56,39,0.9800000190734863,false,2021-05-12_12:01:50
FRC2,32,44,53,38,0.9700000286102295,false,2021-05-12_12:11:50
FRC2,34,44,49,38,0.9700000286102295,false,2021-05-12_12:21:50
FRC2,30,44,56,38,0.9800000190734863,false,2021-05-12_12:31:50
FRC2,32,43,53,39,0.9900000095367432,false,2021-05-12_12:41:51
FRC2,26,43,65,39,0.9900000095367432,false,2021-05-12_12:51:51
FRC2,44,44,38,38,0.9900000095367432,false,2021-05-12_13:01:51
FRC2,44,44,38,38,0.9800000190734863,false,2021-05-12_13:11:51
FRC2,44,44,38,38,0.9800000190734863,false,2021-05-12_13:21:51
FRC2,31,44,54,38,0.9700000286102295,false,2021-05-12_13:31:51
FRC2,44,44,38,38,0.949999988079071,false,2021-05-12_13:41:52
FRC2,33,44,51,38,0.9599999785423279,false,2021-05-12_13:51:52
FRC2,30,44,56,38,0.9800000190734863,false,2021-05-12_14:01:52
FRC2,44,44,38,38,0.9800000190734863,false,2021-05-12_14:11:52
FRC2,34,43,49,39,0.9800000190734863,false,2021-05-12_14:21:52
FRC2,44,44,38,38,0.9800000190734863,false,2021-05-12_14:31:52
FRC2,44,44,38,38,0.9800000190734863,false,2021-05-12_14:41:52
FRC2,43,43,39,39,0.9800000190734863,false,2021-05-12_14:51:53
FRC2,29,43,58,39,0.9800000190734863,false,2021-05-12_15:01:53
FRC2,32,43,53,39,0.9900000095367432,false,2021-05-12_15:11:53
FRC2,43,43,39,39,0.9800000190734863,false,2021-05-12_15:21:53
FRC2,43,43,39,39,0.9800000190734863,false,2021-05-12_15:31:53
FRC2,31,44,54,38,0.9599999785423279,false,2021-05-12_15:41:53
FRC2,32,44,53,38,0.9599999785423279,false,2021-05-12_15:51:54
FRC2,43,43,39,39,0.9599999785423279,false,2021-05-12_16:01:54
FRC2,43,43,39,39,0.9599999785423279,false,2021-05-12_16:11:54
FRC2,32,43,53,39,0.9700000286102295,false,2021-05-12_16:21:54
FRC2,29,43,58,39,0.9700000286102295,false,2021-05-12_16:31:55
FRC2,23,43,73,39,0.9599999785423279,false,2021-05-12_16:41:55
FRC2,31,44,54,38,0.9599999785423279,false,2021-05-12_16:51:55
FRC2,27,44,62,38,0.9800000190734863,false,2021-05-12_17:01:55
FRC2,16,44,106,38,0.9800000190734863,false,2021-05-12_17:11:55
FRC2,18,44,94,38,0.9800000190734863,false,2021-05-12_17:21:55
FRC2,34,44,49,38,0.9700000286102295,false,2021-05-12_17:31:56
FRC2,30,44,56,38,0.9800000190734863,false,2021-05-12_17:41:56
FRC2,27,44,62,38,0.9900000095367432,false,2021-05-12_17:51:56
FRC2,32,43,53,39,0.9900000095367432,false,2021-05-12_18:01:56
FRC2,34,44,49,38,0.9800000190734863,false,2021-05-12_18:11:56
FRC2,43,43,39,39,0.9800000190734863,false,2021-05-12_18:21:57
FRC2,29,44,58,38,0.9900000095367432,false,2021-05-12_18:31:57
FRC2,34,43,49,39,0.9900000095367432,false,2021-05-12_18:41:57
FRC2,43,43,39,39,0.9900000095367432,false,2021-05-12_18:51:57
FRC2,34,44,49,38,0.9900000095367432,false,2021-05-12_19:01:57
FRC2,44,44,38,38,0.9900000095367432,false,2021-05-12_19:11:58
FRC2,44,44,38,38,0.9900000095367432,false,2021-05-12_19:21:59
FRC2,27,43,62,39,0.9900000095367432,false,2021-05-12_19:31:59
FRC2,43,43,39,39,0.9900000095367432,false,2021-05-12_19:41:59
FRC2,43,43,39,39,0.9900000095367432,false,2021-05-12_19:51:59
FRC2,43,43,39,39,0.9900000095367432,false,2021-05-12_20:02:00
FRC2,43,43,39,39,0.9900000095367432,false,2021-05-12_20:12:00
FRC2,43,43,39,39,0.9900000095367432,false,2021-05-12_20:22:00
FRC2,43,43,39,39,0.9900000095367432,false,2021-05-12_20:32:01
FRC2,43,43,39,39,0.9900000095367432,false,2021-05-12_20:42:01
FRC2,43,43,39,39,0.9900000095367432,false,2021-05-12_20:52:01
FRC2,43,43,39,39,0.9900000095367432,false,2021-05-12_21:02:02
FRC2,43,43,39,39,0.9900000095367432,false,2021-05-12_21:12:02
FRC2,43,43,39,39,0.9900000095367432,false,2021-05-12_21:22:03
FRC2,43,43,39,39,0.9900000095367432,false,2021-05-12_21:32:03
FRC2,34,44,49,38,0.9800000190734863,false,2021-05-12_21:42:03
FRC2,44,44,38,38,0.9800000190734863,false,2021-05-12_21:52:03
FRC2,44,44,38,38,0.9800000190734863,false,2021-05-12_22:02:04
FRC2,44,44,38,38,0.9599999785423279,false,2021-05-12_22:12:04
FRC2,44,44,38,38,0.9599999785423279,false,2021-05-12_22:22:04
FRC2,44,44,38,38,0.9599999785423279,false,2021-05-12_22:32:04
FRC2,34,44,49,38,0.9200000166893005,false,2021-05-12_22:42:04
FRC2,35,44,48,38,0.8700000047683716,false,2021-05-12_22:52:04
FRC2,44,44,38,38,0.8700000047683716,false,2021-05-12_23:02:05
FRC2,44,44,38,38,0.8700000047683716,false,2021-05-12_23:12:05
FRC2,44,44,38,38,0.8700000047683716,false,2021-05-12_23:22:05
FRC2,44,44,38,38,0.8700000047683716,false,2021-05-12_23:32:05
FRC2,44,44,38,38,0.8700000047683716,false,2021-05-12_23:42:05
FRC2,44,44,38,38,0.8700000047683716,false,2021-05-12_23:52:05
FRC2,44,44,38,38,0.8700000047683716,false,2021-05-13_00:02:06
FRC2,44,44,38,38,0.8700000047683716,false,2021-05-13_00:12:06
FRC2,44,44,38,38,0.8700000047683716,false,2021-05-13_00:22:06
FRC2,44,44,38,38,0.8700000047683716,false,2021-05-13_00:32:06
FRC2,44,44,38,38,0.8700000047683716,false,2021-05-13_00:42:06
FRC2,44,44,38,38,0.8700000047683716,false,2021-05-13_00:52:06
FRC2,44,44,38,38,0.8700000047683716,false,2021-05-13_01:02:07
FRC2,44,44,38,38,0.8700000047683716,false,2021-05-13_01:12:07
FRC2,44,44,38,38,0.8700000047683716,false,2021-05-13_01:22:07
FRC2,44,44,38,38,0.8700000047683716,false,2021-05-13_01:32:07
FRC2,44,44,38,38,0.8700000047683716,false,2021-05-13_01:42:07
FRC2,44,44,38,38,0.8700000047683716,false,2021-05-13_01:52:07
FRC2,44,44,38,38,0.8700000047683716,false,2021-05-13_02:02:07
FRC2,44,44,38,38,0.8700000047683716,false,2021-05-13_02:12:08
FRC2,44,44,38,38,0.8700000047683716,false,2021-05-13_02:22:08
FRC2,44,44,38,38,0.8700000047683716,false,2021-05-13_02:32:08
FRC2,44,44,38,38,0.8700000047683716,false,2021-05-13_02:42:08
FRC2,44,44,38,38,0.8700000047683716,false,2021-05-13_02:52:08
FRC2,44,44,38,38,0.8700000047683716,false,2021-05-13_03:02:08
FRC2,44,44,38,38,0.8700000047683716,false,2021-05-13_03:12:09
FRC2,44,44,38,38,0.8700000047683716,false,2021-05-13_03:22:09
FRC2,44,44,38,38,0.8700000047683716,false,2021-05-13_03:32:09
FRC2,44,44,38,38,0.8700000047683716,false,2021-05-13_03:42:09
FRC2,44,44,38,38,0.8700000047683716,false,2021-05-13_03:52:09
FRC2,44,44,38,38,0.8700000047683716,false,2021-05-13_04:02:09
FRC2,44,44,38,38,0.8700000047683716,false,2021-05-13_04:12:10
FRC2,44,44,38,38,0.8700000047683716,false,2021-05-13_04:22:10
FRC2,44,44,38,38,0.8700000047683716,false,2021-05-13_04:32:10
FRC2,44,44,38,38,0.8700000047683716,false,2021-05-13_04:42:10
FRC2,44,44,38,38,0.8700000047683716,false,2021-05-13_04:52:10
FRC2,44,44,38,38,0.8700000047683716,false,2021-05-13_05:02:10
FRC2,44,44,38,38,0.8700000047683716,false,2021-05-13_05:12:10
FRC2,44,44,38,38,0.8700000047683716,false,2021-05-13_05:22:11
FRC2,44,44,38,38,0.8700000047683716,false,2021-05-13_05:32:11
FRC2,44,44,38,38,0.8700000047683716,false,2021-05-13_05:42:11
FRC2,44,44,38,38,0.8700000047683716,false,2021-05-13_05:52:11
FRC2,44,44,38,38,0.8700000047683716,false,2021-05-13_06:02:11
FRC2,44,44,38,38,0.8700000047683716,false,2021-05-13_06:12:12
FRC2,44,44,38,38,0.8700000047683716,false,2021-05-13_06:22:12
FRC2,44,44,38,38,0.8700000047683716,false,2021-05-13_06:32:12
FRC2,44,44,38,38,0.8700000047683716,false,2021-05-13_06:42:12
FRC2,44,44,38,38,0.8700000047683716,false,2021-05-13_06:52:12
FRC2,43,43,39,39,0.8199999928474426,false,2021-05-13_07:02:12
FRC2,30,43,56,39,0.9800000190734863,false,2021-05-13_07:12:12
FRC2,28,44,60,38,0.9700000286102295,false,2021-05-13_07:22:13
FRC2,17,45,99,37,0.949999988079071,false,2021-05-13_07:32:13
FRC2,19,44,89,38,0.949999988079071,false,2021-05-13_07:42:13
FRC2,11,44,154,38,0.9700000286102295,false,2021-05-13_07:52:13
FRC2,13,44,130,38,0.9800000190734863,false,2021-05-13_08:02:13
FRC2,16,44,106,38,0.9800000190734863,false,2021-05-13_08:12:13
FRC2,17,43,99,39,0.9700000286102295,false,2021-05-13_08:22:14
FRC2,34,43,49,39,0.9599999785423279,false,2021-05-13_08:32:14
FRC2,43,43,39,39,0.9599999785423279,false,2021-05-13_08:42:14
FRC2,43,43,39,39,0.9599999785423279,false,2021-05-13_08:52:14
FRC2,26,43,65,39,0.9700000286102295,false,2021-05-13_09:02:14
FRC2,25,44,67,38,0.9599999785423279,false,2021-05-13_09:12:14
FRC2,24,43,70,39,0.9200000166893005,false,2021-05-13_09:22:14
FRC2,44,44,38,38,0.7900000214576721,false,2021-05-13_09:32:15
FRC2,44,44,38,38,0.7900000214576721,false,2021-05-13_09:42:15
FRC2,44,44,38,38,0.7900000214576721,false,2021-05-13_09:52:15
FRC2,27,44,62,38,0.9700000286102295,false,2021-05-13_10:02:15
FRC2,27,44,62,38,0.9700000286102295,false,2021-05-13_10:12:15
FRC2,44,44,38,38,0.9700000286102295,false,2021-05-13_10:22:15
FRC2,44,44,38,38,0.9700000286102295,false,2021-05-13_10:32:16
FRC2,44,44,38,38,0.9700000286102295,false,2021-05-13_10:42:16
FRC2,44,44,38,38,0.9700000286102295,false,2021-05-13_10:52:16
FRC2,44,44,38,38,0.9700000286102295,false,2021-05-13_11:02:16
FRC2,34,43,49,39,0.9599999785423279,false,2021-05-13_11:12:16
FRC2,44,44,38,38,0.9599999785423279,false,2021-05-13_11:22:16
FRC2,44,44,38,38,0.9599999785423279,false,2021-05-13_11:32:17
FRC2,34,44,49,38,0.9700000286102295,false,2021-05-13_11:42:17
FRC2,27,44,62,38,0.9700000286102295,false,2021-05-13_11:52:17
FRC2,34,44,49,38,0.9700000286102295,false,2021-05-13_12:02:17
FRC2,35,43,48,39,0.9800000190734863,false,2021-05-13_12:12:17
FRC2,28,44,60,38,0.9800000190734863,false,2021-05-13_12:22:17
FRC2,32,44,53,38,0.9900000095367432,false,2021-05-13_12:32:17
FRC2,43,43,39,39,0.9900000095367432,false,2021-05-13_12:42:18
FRC2,35,44,48,38,0.9900000095367432,false,2021-05-13_12:52:18
FRC2,32,44,53,38,0.9900000095367432,false,2021-05-13_13:02:18
FRC2,24,44,70,38,0.9800000190734863,false,2021-05-13_13:12:18
FRC2,29,44,58,38,0.9700000286102295,false,2021-05-13_13:22:18
FRC2,34,44,49,38,0.9800000190734863,false,2021-05-13_13:32:18
FRC2,24,44,70,38,0.9900000095367432,false,2021-05-13_13:42:19
FRC2,34,44,49,38,0.9800000190734863,false,2021-05-13_13:52:19
FRC2,33,44,51,38,0.9599999785423279,false,2021-05-13_14:02:19
FRC2,32,44,53,38,0.9599999785423279,false,2021-05-13_14:12:19
FRC2,44,44,38,38,0.9800000190734863,false,2021-05-13_14:22:19
FRC2,44,44,38,38,0.9800000190734863,false,2021-05-13_14:32:20
FRC2,33,44,51,38,0.9800000190734863,false,2021-05-13_14:42:20
FRC2,28,44,60,38,0.9700000286102295,false,2021-05-13_14:52:20
FRC2,44,44,38,38,0.9800000190734863,false,2021-05-13_15:02:20
FRC2,26,43,65,39,0.9800000190734863,false,2021-05-13_15:12:20
FRC2,34,43,49,39,0.9900000095367432,false,2021-05-13_15:22:21
FRC2,32,44,53,38,0.9700000286102295,false,2021-05-13_15:32:21
FRC2,34,43,49,39,0.9800000190734863,false,2021-05-13_15:42:21
FRC2,32,44,53,38,0.9700000286102295,false,2021-05-13_15:52:21
FRC2,22,44,77,38,0.9700000286102295,false,2021-05-13_16:02:22
FRC2,26,43,65,39,0.9300000071525574,false,2021-05-13_16:12:22
FRC2,32,43,53,39,0.9300000071525574,false,2021-05-13_16:22:22
FRC2,34,43,49,39,0.9399999976158142,false,2021-05-13_16:32:22
FRC2,31,44,54,38,0.9599999785423279,false,2021-05-13_16:42:22
FRC2,31,44,54,38,0.9700000286102295,false,2021-05-13_16:52:23
