"ï»¿""frc""",timestamp,currentSpeed,freeFlowSpeed,currentTravelTime,freeFlowTravelTime,confidence,roadClosure
FRC3,2021-04-25 14:44,54,54,12,12,0.8799999952316284,False
FRC3,2021-04-25 14:59,54,54,12,12,0.8799999952316284,False
FRC3,2021-04-25 15:14,54,54,12,12,0.8799999952316284,False
FRC3,2021-04-25 15:29,54,54,12,12,0.8799999952316284,False
FRC3,2021-04-25 15:44,54,54,12,12,0.8799999952316284,False
FRC3,2021-04-25 15:59,54,54,12,12,0.8799999952316284,False
FRC3,2021-04-25 16:14,54,54,12,12,0.8799999952316284,False
FRC3,2021-04-25 16:29,54,54,12,12,0.8799999952316284,False
FRC3,2021-04-25 16:44,54,54,12,12,0.8799999952316284,False
FRC3,2021-04-25 16:59,54,54,12,12,0.8799999952316284,False
FRC3,2021-04-25 17:14,54,54,12,12,0.8799999952316284,False
FRC3,2021-04-25 17:29,54,54,12,12,0.8799999952316284,False
FRC3,2021-04-25 17:44,54,54,12,12,0.8799999952316284,False
FRC3,2021-04-25 17:59,54,54,12,12,0.8799999952316284,False
FRC3,2021-04-25 18:56,54,54,12,12,0.8799999952316284,False
FRC3,2021-04-25 18:57,54,54,12,12,0.8799999952316284,False
FRC3,2021-04-25 19:11,54,54,12,12,0.8799999952316284,False
FRC3,2021-04-25 19:12,54,54,12,12,0.8799999952316284,False
FRC3,2021-04-25 19:26,54,54,12,12,0.8799999952316284,False
FRC3,2021-04-25 19:27,54,54,12,12,0.8799999952316284,False
FRC3,2021-04-25 19:41,54,54,12,12,0.8799999952316284,False
FRC3,2021-04-25 19:42,54,54,12,12,0.8799999952316284,False
FRC3,2021-04-25 19:56,54,54,12,12,0.8799999952316284,False
FRC3,2021-04-25 19:57,54,54,12,12,0.8799999952316284,False
FRC3,2021-04-25 20:11,54,54,12,12,0.8799999952316284,False
FRC3,2021-04-25 20:12,54,54,12,12,0.8799999952316284,False
FRC3,2021-04-25 20:26,54,54,12,12,0.8799999952316284,False
FRC3,2021-04-25 20:27,54,54,12,12,0.8799999952316284,False
FRC3,2021-04-25 20:41,54,54,12,12,0.8799999952316284,False
FRC3,2021-04-25 20:42,54,54,12,12,0.8799999952316284,False
FRC3,2021-04-25 20:56,54,54,12,12,0.8799999952316284,False
FRC3,2021-04-25 20:57,54,54,12,12,0.8799999952316284,False
FRC3,2021-04-25 21:11,54,54,12,12,0.8799999952316284,False
FRC3,2021-04-25 21:12,54,54,12,12,0.8799999952316284,False
FRC3,2021-04-25 21:26,54,54,12,12,0.8799999952316284,False
FRC3,2021-04-25 21:27,54,54,12,12,0.8799999952316284,False
FRC3,2021-04-25 21:41,54,54,12,12,0.8799999952316284,False
FRC3,2021-04-25 21:42,54,54,12,12,0.8799999952316284,False
FRC3,2021-04-25 21:56,54,54,12,12,0.8799999952316284,False
FRC3,2021-04-25 21:57,54,54,12,12,0.8799999952316284,False
FRC3,2021-04-25 22:11,54,54,12,12,0.8799999952316284,False
FRC3,2021-04-25 22:12,54,54,12,12,0.8799999952316284,False
FRC3,2021-04-25 22:26,54,54,12,12,0.8799999952316284,False
FRC3,2021-04-25 22:27,54,54,12,12,0.8799999952316284,False
FRC3,2021-04-25 22:41,54,54,12,12,0.8799999952316284,False
FRC3,2021-04-25 22:42,54,54,12,12,0.8799999952316284,False
FRC3,2021-04-25 22:56,54,54,12,12,0.8799999952316284,False
FRC3,2021-04-25 22:57,54,54,12,12,0.8799999952316284,False
FRC3,2021-04-25 23:11,54,54,12,12,0.8799999952316284,False
FRC3,2021-04-25 23:12,54,54,12,12,0.8799999952316284,False
FRC3,2021-04-25 23:26,54,54,12,12,0.8799999952316284,False
FRC3,2021-04-25 23:27,54,54,12,12,0.8799999952316284,False
FRC3,2021-04-25 23:41,54,54,12,12,0.8799999952316284,False
FRC3,2021-04-25 23:42,54,54,12,12,0.8799999952316284,False
FRC3,2021-04-25 23:56,54,54,12,12,0.8799999952316284,False
FRC3,2021-04-25 23:57,54,54,12,12,0.8799999952316284,False
FRC3,2021-04-25 0:11,54,54,12,12,0.8799999952316284,False
FRC3,2021-04-25 0:12,54,54,12,12,0.8799999952316284,False
FRC3,2021-04-25 0:26,54,54,12,12,0.8799999952316284,False
FRC3,2021-04-25 0:27,54,54,12,12,0.8799999952316284,False
FRC3,2021-04-25 0:41,54,54,12,12,0.8799999952316284,False
FRC3,2021-04-25 0:42,54,54,12,12,0.8799999952316284,False
FRC3,2021-04-25 0:56,54,54,12,12,0.8799999952316284,False
FRC3,2021-04-25 0:57,54,54,12,12,0.8799999952316284,False
FRC3,2021-04-26 1:12,54,54,12,12,0.8799999952316284,False
FRC3,2021-04-26 1:13,54,54,12,12,0.8799999952316284,False
FRC3,2021-04-26 10:51,32,53,21,12,0.8799999952316284,False
FRC3,2021-04-26 11:06,32,53,21,12,0.8799999952316284,False
FRC3,2021-04-26 11:21,32,53,21,12,0.8799999952316284,False
FRC3,2021-04-26 11:36,32,53,21,12,0.8799999952316284,False
FRC3,2021-04-26 14:15,36,54,18,12,0.9200000166893005,False
FRC3,2021-04-26 14:30,36,54,18,12,0.9200000166893005,False
FRC3,2021-04-26 14:45,36,54,18,12,0.9200000166893005,False
FRC3,2021-04-26 14:47,54,54,12,12,0.6399999856948853,False
FRC3,2021-04-26 15:26,36,54,18,12,0.9200000166893005,False
FRC3,2021-04-26 15:26,38,54,17,12,0.9599999785423279,False
FRC3,2021-04-26 15:28,54,54,12,12,0.6399999856948853,False
FRC3,2021-04-26 15:35,35,54,19,12,0.949999988079071,False
FRC3,2021-04-26 15:41,38,54,17,12,0.9599999785423279,False
FRC3,2021-04-26 15:50,35,54,19,12,0.949999988079071,False
FRC3,2021-04-26 15:56,36,54,18,12,0.9200000166893005,False
FRC3,2021-04-26 15:59,34,54,19,12,0.6299999952316284,False
FRC3,2021-04-26 16:05,35,54,19,12,0.949999988079071,False
FRC3,2021-04-26 16:11,36,54,18,12,0.9200000166893005,False
FRC3,2021-04-26 15:13,36,53,18,12,0.6299999952316284,False
FRC3,2021-04-26 15:28,36,53,18,12,0.6299999952316284,False
FRC3,2021-04-26 15:43,36,53,18,12,0.6299999952316284,False
FRC3,2021-04-26 15:58,36,53,18,12,0.6299999952316284,False
FRC3,2021-04-26 16:13,36,53,18,12,0.6299999952316284,False
FRC3,2021-04-26 16:28,36,53,18,12,0.6299999952316284,False
FRC3,2021-04-26 16:43,36,53,18,12,0.6299999952316284,False
FRC3,2021-04-26 16:58,36,53,18,12,0.6299999952316284,False
FRC3,2021-04-26 17:13,36,53,18,12,0.6299999952316284,False
FRC3,2021-04-26 17:28,36,53,18,12,0.6299999952316284,False
FRC3,2021-04-26 17:43,36,53,18,12,0.6299999952316284,False
FRC3,2021-04-26 17:58,36,53,18,12,0.6299999952316284,False
FRC3,2021-04-26 18:13,36,53,18,12,0.6299999952316284,False
FRC3,2021-04-26 18:28,36,53,18,12,0.6299999952316284,False
FRC3,2021-04-26 18:43,36,53,18,12,0.6299999952316284,False
FRC3,2021-04-26 18:58,36,53,18,12,0.6299999952316284,False
FRC3,2021-04-26 19:13,36,53,18,12,0.6299999952316284,False
FRC3,2021-04-26 19:28,36,53,18,12,0.6299999952316284,False
FRC3,2021-04-26 19:43,36,53,18,12,0.6299999952316284,False
FRC3,2021-04-26 19:58,36,53,18,12,0.6299999952316284,False
FRC3,2021-04-26 20:13,36,53,18,12,0.6299999952316284,False
FRC3,2021-04-26 20:28,36,53,18,12,0.6299999952316284,False
FRC3,2021-04-26 20:43,36,53,18,12,0.6299999952316284,False
FRC3,2021-04-26 20:58,36,53,18,12,0.6299999952316284,False
FRC3,2021-04-26 21:13,36,53,18,12,0.6299999952316284,False
FRC3,2021-04-26 21:28,36,53,18,12,0.6299999952316284,False
FRC3,2021-04-26 21:43,36,53,18,12,0.6299999952316284,False
FRC3,2021-04-26 21:58,36,53,18,12,0.6299999952316284,False
FRC3,2021-04-26 22:13,36,53,18,12,0.6299999952316284,False
FRC3,2021-04-26 22:28,36,53,18,12,0.6299999952316284,False
FRC3,2021-04-26 22:43,36,53,18,12,0.6299999952316284,False
FRC3,2021-04-26 22:58,36,53,18,12,0.6299999952316284,False
FRC3,2021-04-26 23:13,36,53,18,12,0.6299999952316284,False
FRC3,2021-04-26 23:28,36,53,18,12,0.6299999952316284,False
FRC3,2021-04-26 23:43,36,53,18,12,0.6299999952316284,False
FRC3,2021-04-26 23:58,36,53,18,12,0.6299999952316284,False
FRC3,2021-04-26 0:13,36,53,18,12,0.6299999952316284,False
FRC3,2021-04-26 0:28,36,53,18,12,0.6299999952316284,False
FRC3,2021-04-26 0:43,36,53,18,12,0.6299999952316284,False
FRC3,2021-04-26 0:58,36,53,18,12,0.6299999952316284,False
FRC3,2021-04-27 1:13,36,53,18,12,0.6299999952316284,False
FRC3,2021-04-27 1:28,36,53,18,12,0.6299999952316284,False
FRC3,2021-04-27 1:43,36,53,18,12,0.6299999952316284,False
FRC3,2021-04-27 1:58,36,53,18,12,0.6299999952316284,False
FRC3,2021-04-27 2:13,36,53,18,12,0.6299999952316284,False
FRC3,2021-04-27 2:28,36,53,18,12,0.6299999952316284,False
FRC3,2021-04-27 2:43,36,53,18,12,0.6299999952316284,False
FRC3,2021-04-27 2:58,36,53,18,12,0.6299999952316284,False
FRC3,2021-04-27 3:13,36,53,18,12,0.6299999952316284,False
FRC3,2021-04-27 3:28,36,53,18,12,0.6299999952316284,False
FRC3,2021-04-27 3:43,36,53,18,12,0.6299999952316284,False
FRC3,2021-04-27 3:58,36,53,18,12,0.6299999952316284,False
FRC3,2021-04-27 4:13,36,53,18,12,0.6299999952316284,False
FRC3,2021-04-27 4:28,36,53,18,12,0.6299999952316284,False
FRC3,2021-04-27 4:43,36,53,18,12,0.6299999952316284,False
FRC3,2021-04-27 4:58,36,53,18,12,0.6299999952316284,False
FRC3,2021-04-27 5:13,36,53,18,12,0.6299999952316284,False
FRC3,2021-04-27 5:28,36,53,18,12,0.6299999952316284,False
FRC3,2021-04-27 5:43,36,53,18,12,0.6299999952316284,False
FRC3,2021-04-27 5:58,36,53,18,12,0.6299999952316284,False
FRC3,2021-04-27 6:13,36,53,18,12,0.6299999952316284,False
FRC3,2021-04-27 6:28,36,53,18,12,0.6299999952316284,False
FRC3,2021-04-27 6:43,36,53,18,12,0.6299999952316284,False
FRC3,2021-04-27 6:58,36,53,18,12,0.6299999952316284,False
FRC3,2021-04-27 7:13,36,53,18,12,0.6299999952316284,False
FRC3,2021-04-27 7:28,36,53,18,12,0.6299999952316284,False
FRC3,2021-04-27 7:43,36,53,18,12,0.6299999952316284,False
FRC3,2021-04-27 7:58,36,53,18,12,0.6299999952316284,False
FRC3,2021-04-27 8:13,36,53,18,12,0.6299999952316284,False
FRC3,2021-04-27 8:28,36,53,18,12,0.6299999952316284,False
FRC3,2021-04-27 8:43,36,53,18,12,0.6299999952316284,False
FRC3,2021-04-27 8:58,36,53,18,12,0.6299999952316284,False
FRC3,2021-04-27 9:13,36,53,18,12,0.6299999952316284,False
FRC3,2021-04-27 9:28,36,53,18,12,0.6299999952316284,False
FRC3,2021-04-27 9:43,36,53,18,12,0.6299999952316284,False
FRC3,2021-04-27 9:58,36,53,18,12,0.6299999952316284,False
FRC3,2021-04-27 10:13,36,53,18,12,0.6299999952316284,False
FRC3,2021-04-27 10:28,36,53,18,12,0.6299999952316284,False
FRC3,2021-04-27 10:43,36,53,18,12,0.6299999952316284,False
FRC3,2021-04-27 10:58,36,53,18,12,0.6299999952316284,False
FRC3,2021-04-27 11:13,36,53,18,12,0.6299999952316284,False
FRC3,2021-04-27 11:28,36,53,18,12,0.6299999952316284,False
FRC3,2021-04-27 11:43,36,53,18,12,0.6299999952316284,False
FRC3,2021-04-27 11:58,36,53,18,12,0.6299999952316284,False
FRC3,2021-04-27 12:13,36,53,18,12,0.6299999952316284,False
FRC3,2021-04-27 12:28,36,53,18,12,0.6299999952316284,False
FRC3,2021-04-27 12:43,36,53,18,12,0.6299999952316284,False
FRC3,2021-04-27 12:58,36,53,18,12,0.6299999952316284,False
FRC3,2021-04-27 13:13,36,53,18,12,0.6299999952316284,False
FRC3,2021-04-27 13:28,36,53,18,12,0.6299999952316284,False
FRC3,2021-04-27 13:43,36,53,18,12,0.6299999952316284,False
FRC3,2021-04-27 13:58,36,53,18,12,0.6299999952316284,False
FRC3,2021-04-27 14:13,36,53,18,12,0.6299999952316284,False
FRC3,2021-04-27 14:28,36,53,18,12,0.6299999952316284,False
FRC3,2021-04-27 14:43,36,53,18,12,0.6299999952316284,False
FRC3,2021-04-27 14:59,36,53,18,12,0.6299999952316284,False
FRC3,2021-04-27 15:14,36,53,18,12,0.6299999952316284,False
FRC3,2021-04-27 15:29,36,53,18,12,0.6299999952316284,False
FRC3,2021-04-27 15:44,36,53,18,12,0.6299999952316284,False
FRC3,2021-04-27 15:59,36,53,18,12,0.6299999952316284,False
FRC3,2021-04-27 16:14,36,53,18,12,0.6299999952316284,False
FRC3,2021-04-27 16:29,36,53,18,12,0.6299999952316284,False
FRC3,2021-04-27 16:44,36,53,18,12,0.6299999952316284,False
FRC3,2021-04-27 16:59,36,53,18,12,0.6299999952316284,False
FRC3,2021-04-27 17:14,36,53,18,12,0.6299999952316284,False
FRC3,2021-04-27 17:29,36,53,18,12,0.6299999952316284,False
FRC3,2021-04-27 17:44,36,53,18,12,0.6299999952316284,False
FRC3,2021-04-27 17:59,36,53,18,12,0.6299999952316284,False
FRC3,2021-04-27 18:14,36,53,18,12,0.6299999952316284,False
FRC3,2021-04-27 18:29,36,53,18,12,0.6299999952316284,False
FRC3,2021-04-27 18:44,36,53,18,12,0.6299999952316284,False
FRC3,2021-04-27 18:59,36,53,18,12,0.6299999952316284,False
FRC3,2021-04-30 1:44,54,54,12,12,0.949999988079071,False
FRC3,2021-04-29 0:45,54,54,12,12,0.949999988079071,False
FRC3,2021-04-29 0:55,54,54,12,12,0.949999988079071,False
FRC3,2021-04-30 1:05,54,54,12,12,0.949999988079071,False
FRC3,2021-04-30 1:15,54,54,12,12,0.949999988079071,False
FRC3,2021-04-30 1:25,54,54,12,12,0.949999988079071,False
FRC3,2021-04-30 1:35,54,54,12,12,0.949999988079071,False
FRC3,2021-04-30 1:45,54,54,12,12,0.949999988079071,False
FRC3,2021-04-30 1:55,54,54,12,12,0.949999988079071,False
FRC3,2021-04-30 2:05,54,54,12,12,0.949999988079071,False
FRC3,2021-04-30 2:15,54,54,12,12,0.949999988079071,False
FRC3,2021-04-30 2:25,54,54,12,12,0.949999988079071,False
FRC3,2021-04-30 2:35,54,54,12,12,0.949999988079071,False
FRC3,2021-04-30 2:45,54,54,12,12,0.949999988079071,False
FRC3,2021-04-30 2:55,54,54,12,12,0.949999988079071,False
FRC3,2021-04-30 3:05,54,54,12,12,0.949999988079071,False
FRC3,2021-04-30 3:15,54,54,12,12,0.949999988079071,False
FRC3,2021-04-30 3:25,54,54,12,12,0.949999988079071,False
FRC3,2021-04-30 3:35,54,54,12,12,0.949999988079071,False
FRC3,2021-04-30 3:45,54,54,12,12,0.949999988079071,False
FRC3,2021-04-30 3:55,54,54,12,12,0.949999988079071,False
FRC3,2021-04-30 4:05,54,54,12,12,0.949999988079071,False
FRC3,2021-04-30 4:15,54,54,12,12,0.949999988079071,False
FRC3,2021-04-30 4:25,54,54,12,12,0.949999988079071,False
FRC3,2021-04-30 4:35,54,54,12,12,0.949999988079071,False
FRC3,2021-04-30 4:46,54,54,12,12,0.949999988079071,False
FRC3,2021-04-30 4:56,54,54,12,12,0.949999988079071,False
FRC3,2021-04-30 5:06,54,54,12,12,0.949999988079071,False
FRC3,2021-04-30 5:16,54,54,12,12,0.949999988079071,False
FRC3,2021-04-30 5:26,54,54,12,12,0.949999988079071,False
FRC3,2021-04-30 5:36,54,54,12,12,0.949999988079071,False
FRC3,2021-04-30 5:46,54,54,12,12,0.949999988079071,False
FRC3,2021-04-30 5:56,54,54,12,12,0.949999988079071,False
FRC3,2021-04-30 6:06,54,54,12,12,0.949999988079071,False
FRC3,2021-04-30 6:16,54,54,12,12,0.949999988079071,False
FRC3,2021-04-30 6:26,54,54,12,12,0.949999988079071,False
FRC3,2021-04-30 6:36,54,54,12,12,0.949999988079071,False
FRC3,2021-04-30 6:46,54,54,12,12,0.949999988079071,False
FRC3,2021-04-30 6:56,43,54,15,12,0.5,False
FRC3,2021-04-30 7:06,40,53,17,12,0.5099999904632568,False
FRC3,2021-04-30 7:16,39,54,17,12,0.5099999904632568,False
FRC3,2021-04-30 7:26,37,53,18,12,0.5099999904632568,False
FRC3,2021-04-30 7:36,37,54,18,12,0.5,False
FRC3,2021-04-30 7:46,34,54,20,12,0.5,False
FRC3,2021-04-30 7:56,25,53,27,12,0.9100000262260437,False
FRC3,2021-04-30 8:06,34,54,20,12,0.9599999785423279,False
FRC3,2021-04-30 8:16,15,53,45,12,0.9800000190734863,False
FRC3,2021-04-30 8:26,13,52,52,13,0.9700000286102295,False
FRC3,2021-04-30 8:36,31,54,22,12,0.9800000190734863,False
FRC3,2021-04-30 8:46,17,53,40,12,0.9800000190734863,False
FRC3,2021-04-30 8:56,17,53,40,12,0.9800000190734863,False
FRC3,2021-04-30 9:06,22,53,31,12,0.9800000190734863,False
FRC3,2021-04-30 9:16,31,54,22,12,0.9599999785423279,False
FRC3,2021-04-30 9:26,28,54,24,12,0.8899999856948853,False
FRC3,2021-04-30 9:36,37,54,18,12,0.8199999928474426,False
FRC3,2021-04-30 9:46,39,54,17,12,0.8199999928474426,False
FRC3,2021-04-30 9:56,41,53,16,12,0.8199999928474426,False
FRC3,2021-04-30 10:06,53,53,12,12,0.6399999856948853,False
FRC3,2021-04-30 10:16,53,53,12,12,0.6399999856948853,False
FRC3,2021-04-30 10:26,53,53,12,12,0.6399999856948853,False
FRC3,2021-04-30 10:36,53,53,12,12,0.6399999856948853,False
FRC3,2021-04-30 10:46,53,53,12,12,0.6399999856948853,False
FRC3,2021-04-30 10:56,53,53,12,12,0.6399999856948853,False
FRC3,2021-04-30 11:06,53,53,12,12,0.6399999856948853,False
FRC3,2021-04-30 11:16,53,53,12,12,0.6399999856948853,False
FRC3,2021-04-30 11:26,53,53,12,12,0.6399999856948853,False
FRC3,2021-04-30 11:36,53,53,12,12,0.6399999856948853,False
FRC3,2021-04-30 11:46,38,54,18,12,0.9300000071525574,False
FRC3,2021-04-30 11:56,40,54,17,12,0.8199999928474426,False
FRC3,2021-04-30 12:06,54,54,12,12,0.8199999928474426,False
FRC3,2021-04-30 12:16,42,54,16,12,0.8899999856948853,False
FRC3,2021-04-30 12:26,43,54,15,12,0.9200000166893005,False
FRC3,2021-04-30 12:36,54,54,12,12,0.9200000166893005,False
FRC3,2021-04-30 12:46,54,54,12,12,0.9200000166893005,False
FRC3,2021-04-30 12:56,54,54,12,12,0.9200000166893005,False
FRC3,2021-04-30 13:06,38,54,18,12,0.9200000166893005,False
FRC3,2021-04-30 13:16,42,53,16,12,0.8899999856948853,False
FRC3,2021-04-30 13:26,40,53,17,12,0.8299999833106995,False
FRC3,2021-04-30 13:36,42,53,16,12,0.6399999856948853,False
FRC3,2021-04-30 13:46,38,54,18,12,0.8199999928474426,False
FRC3,2021-04-30 13:56,33,54,20,12,0.9200000166893005,False
FRC3,2021-04-30 14:06,31,54,22,12,0.949999988079071,False
FRC3,2021-04-30 14:16,42,53,16,12,0.9700000286102295,False
FRC3,2021-04-30 14:26,36,54,19,12,0.9599999785423279,False
FRC3,2021-04-30 14:36,40,53,17,12,0.949999988079071,False
FRC3,2021-04-30 14:46,42,54,16,12,0.6399999856948853,False
FRC3,2021-04-30 14:56,42,54,16,12,0.5099999904632568,False
FRC3,2021-04-30 15:06,38,53,18,12,0.5099999904632568,False
FRC3,2021-04-30 15:16,43,54,15,12,0.8799999952316284,False
FRC3,2021-04-30 15:26,40,54,17,12,0.9100000262260437,False
FRC3,2021-04-30 15:36,40,53,17,12,0.9200000166893005,False
FRC3,2021-04-30 15:46,40,53,17,12,0.8899999856948853,False
FRC3,2021-04-30 15:56,42,53,16,12,0.8199999928474426,False
FRC3,2021-04-30 16:06,34,53,20,12,0.9200000166893005,False
FRC3,2021-04-30 16:16,41,54,16,12,0.9599999785423279,False
FRC3,2021-04-30 16:26,41,53,16,12,0.9200000166893005,False
FRC3,2021-04-30 16:36,43,54,15,12,0.8899999856948853,False
FRC3,2021-04-30 16:46,43,54,15,12,0.6399999856948853,False
FRC3,2021-04-30 16:56,54,54,12,12,0.5099999904632568,False
FRC3,2021-04-30 17:06,41,54,16,12,0.8199999928474426,False
FRC3,2021-04-30 17:16,38,54,18,12,0.6399999856948853,False
FRC3,2021-04-30 17:26,34,53,20,12,0.8899999856948853,False
FRC3,2021-04-30 17:36,28,55,24,12,0.9599999785423279,False
FRC3,2021-04-30 17:46,24,53,28,12,0.9800000190734863,False
FRC3,2021-04-30 17:56,32,53,21,12,0.9800000190734863,False
FRC3,2021-04-30 18:06,29,53,23,12,0.9599999785423279,False
FRC3,2021-04-30 18:16,27,54,25,12,0.8799999952316284,False
FRC3,2021-04-30 18:26,17,52,40,13,0.9100000262260437,False
FRC3,2021-04-30 18:36,30,54,22,12,0.9599999785423279,False
FRC3,2021-04-30 18:46,31,54,22,12,0.9399999976158142,False
FRC3,2021-04-30 18:56,38,53,18,12,0.9700000286102295,False
FRC3,2021-04-30 19:06,36,54,19,12,0.9300000071525574,False
FRC3,2021-04-30 19:16,35,53,19,12,0.9399999976158142,False
FRC3,2021-04-30 19:26,33,53,20,12,0.8199999928474426,False
FRC3,2021-04-30 19:36,17,53,40,12,0.8799999952316284,False
FRC3,2021-04-30 19:46,17,53,40,12,0.8199999928474426,False
FRC3,2021-04-30 19:56,28,54,24,12,0.8799999952316284,False
FRC3,2021-04-30 20:06,33,54,20,12,0.8299999833106995,False
FRC3,2021-04-30 20:16,37,54,18,12,0.8299999833106995,False
FRC3,2021-04-30 20:26,40,53,17,12,0.6499999761581421,False
FRC3,2021-04-30 20:36,42,53,16,12,0.5099999904632568,False
FRC3,2021-04-30 20:46,53,53,12,12,0.5099999904632568,False
FRC3,2021-04-30 20:56,53,53,12,12,0.5099999904632568,False
FRC3,2021-04-30 21:06,53,53,12,12,0.5099999904632568,False
FRC3,2021-04-30 21:16,53,53,12,12,0.5099999904632568,False
FRC3,2021-04-30 21:26,53,53,12,12,0.5099999904632568,False
FRC3,2021-04-30 21:36,53,53,12,12,0.5099999904632568,False
FRC3,2021-04-30 21:46,53,53,12,12,0.5099999904632568,False
FRC3,2021-04-30 21:56,53,53,12,12,0.5099999904632568,False
FRC3,2021-04-30 22:06,53,53,12,12,0.5099999904632568,False
FRC3,2021-04-30 22:16,53,53,12,12,0.5099999904632568,False
FRC3,2021-04-30 22:26,53,53,12,12,0.5099999904632568,False
FRC3,2021-04-30 22:36,53,53,12,12,0.5099999904632568,False
FRC3,2021-04-30 22:46,53,53,12,12,0.5099999904632568,False
FRC3,2021-04-30 22:56,53,53,12,12,0.5099999904632568,False
FRC3,2021-04-30 23:06,53,53,12,12,0.5099999904632568,False
FRC3,2021-04-30 23:16,53,53,12,12,0.5099999904632568,False
FRC3,2021-04-30 23:26,53,53,12,12,0.5099999904632568,False
FRC3,2021-04-30 23:36,53,53,12,12,0.5099999904632568,False
FRC3,2021-04-30 23:46,53,53,12,12,0.5099999904632568,False
FRC3,2021-04-30 23:56,53,53,12,12,0.5099999904632568,False
FRC3,2021-04-30 0:06,53,53,12,12,0.5099999904632568,False
FRC3,2021-04-30 0:16,53,53,12,12,0.5099999904632568,False
FRC3,2021-04-30 0:26,53,53,12,12,0.5099999904632568,False
FRC3,2021-04-30 0:36,53,53,12,12,0.5099999904632568,False
FRC3,2021-04-30 0:46,53,53,12,12,0.5099999904632568,False
FRC3,2021-04-30 0:56,53,53,12,12,0.5099999904632568,False
FRC3,2021-05-01 1:06,53,53,12,12,0.5099999904632568,False
FRC3,2021-05-01 1:16,53,53,12,12,0.5099999904632568,False
FRC3,2021-05-01 1:26,53,53,12,12,0.5099999904632568,False
FRC3,2021-05-01 1:36,53,53,12,12,0.5099999904632568,False
FRC3,2021-05-01 1:46,53,53,12,12,0.5099999904632568,False
FRC3,2021-05-01 1:56,53,53,12,12,0.5099999904632568,False
FRC3,2021-05-01 2:06,53,53,12,12,0.5099999904632568,False
FRC3,2021-05-01 2:16,53,53,12,12,0.5099999904632568,False
FRC3,2021-05-01 2:26,53,53,12,12,0.5099999904632568,False
FRC3,2021-05-01 2:36,53,53,12,12,0.5099999904632568,False
FRC3,2021-05-01 2:46,53,53,12,12,0.5099999904632568,False
FRC3,2021-05-01 2:56,53,53,12,12,0.5099999904632568,False
FRC3,2021-05-01 3:06,53,53,12,12,0.5099999904632568,False
FRC3,2021-05-01 3:16,53,53,12,12,0.5099999904632568,False
FRC3,2021-05-01 3:26,53,53,12,12,0.5099999904632568,False
FRC3,2021-05-01 3:36,53,53,12,12,0.5099999904632568,False
FRC3,2021-05-01 3:46,53,53,12,12,0.5099999904632568,False
FRC3,2021-05-01 3:56,53,53,12,12,0.5099999904632568,False
FRC3,2021-05-01 4:06,53,53,12,12,0.5099999904632568,False
FRC3,2021-05-01 4:16,53,53,12,12,0.5099999904632568,False
FRC3,2021-05-01 4:26,53,53,12,12,0.5099999904632568,False
FRC3,2021-05-01 4:36,53,53,12,12,0.5099999904632568,False
FRC3,2021-05-01 4:46,53,53,12,12,0.5099999904632568,False
FRC3,2021-05-01 4:56,53,53,12,12,0.5099999904632568,False
FRC3,2021-05-01 5:06,53,53,12,12,0.5099999904632568,False
FRC3,2021-05-01 5:16,53,53,12,12,0.5099999904632568,False
FRC3,2021-05-01 5:26,53,53,12,12,0.5099999904632568,False
FRC3,2021-05-01 5:36,53,53,12,12,0.5099999904632568,False
FRC3,2021-05-01 5:46,53,53,12,12,0.5099999904632568,False
FRC3,2021-05-01 5:56,53,53,12,12,0.5099999904632568,False
FRC3,2021-05-01 6:06,53,53,12,12,0.5099999904632568,False
FRC3,2021-05-01 6:16,53,53,12,12,0.5099999904632568,False
FRC3,2021-05-01 6:26,53,53,12,12,0.5099999904632568,False
FRC3,2021-05-01 6:36,53,53,12,12,0.5099999904632568,False
FRC3,2021-05-01 6:46,53,53,12,12,0.5099999904632568,False
FRC3,2021-05-01 6:56,53,53,12,12,0.5099999904632568,False
FRC3,2021-05-01 7:06,53,53,12,12,0.5099999904632568,False
FRC3,2021-05-01 7:16,53,53,12,12,0.5099999904632568,False
FRC3,2021-05-01 7:26,53,53,12,12,0.5099999904632568,False
FRC3,2021-05-01 7:36,40,53,17,12,0.5,False
FRC3,2021-05-01 7:46,33,54,20,12,0.5,False
FRC3,2021-05-01 7:56,28,53,24,12,0.5099999904632568,False
FRC3,2021-05-01 8:06,26,54,26,12,0.5099999904632568,False
FRC3,2021-05-01 8:16,36,53,19,12,0.6299999952316284,False
FRC3,2021-05-01 8:26,32,53,21,12,0.6299999952316284,False
FRC3,2021-05-01 8:36,33,54,20,12,0.6200000047683716,False
FRC3,2021-05-01 8:46,36,53,19,12,0.5099999904632568,False
FRC3,2021-05-01 8:56,40,53,17,12,0.5099999904632568,False
FRC3,2021-05-01 9:06,54,54,12,12,0.5099999904632568,False
FRC3,2021-05-01 9:16,54,54,12,12,0.5099999904632568,False
FRC3,2021-05-01 9:26,54,54,12,12,0.5099999904632568,False
FRC3,2021-05-01 9:36,54,54,12,12,0.5099999904632568,False
FRC3,2021-05-01 9:46,54,54,12,12,0.5099999904632568,False
FRC3,2021-05-01 9:56,54,54,12,12,0.5099999904632568,False
FRC3,2021-05-01 10:06,54,54,12,12,0.8899999856948853,False
FRC3,2021-05-01 10:16,54,54,12,12,0.8899999856948853,False
FRC3,2021-05-01 10:26,54,54,12,12,0.8899999856948853,False
FRC3,2021-05-01 10:36,54,54,12,12,0.8899999856948853,False
FRC3,2021-05-01 10:46,54,54,12,12,0.8899999856948853,False
FRC3,2021-05-01 10:56,54,54,12,12,0.8899999856948853,False
FRC3,2021-05-01 11:06,54,54,12,12,0.8899999856948853,False
FRC3,2021-05-01 11:16,54,54,12,12,0.8899999856948853,False
FRC3,2021-05-01 11:26,54,54,12,12,0.8899999856948853,False
FRC3,2021-05-01 11:36,54,54,12,12,0.8899999856948853,False
FRC3,2021-05-01 11:46,54,54,12,12,0.8899999856948853,False
FRC3,2021-05-01 11:56,54,54,12,12,0.8899999856948853,False
FRC3,2021-05-01 12:06,54,54,12,12,0.5099999904632568,False
FRC3,2021-05-01 12:16,54,54,12,12,0.5099999904632568,False
FRC3,2021-05-01 12:26,54,54,12,12,0.5099999904632568,False
FRC3,2021-05-01 12:36,54,54,12,12,0.5099999904632568,False
FRC3,2021-05-01 12:46,41,53,16,12,0.9200000166893005,False
FRC3,2021-05-01 12:56,54,54,12,12,0.8899999856948853,False
FRC3,2021-05-01 13:06,41,54,16,12,0.9200000166893005,False
FRC3,2021-05-01 13:16,42,54,16,12,0.6499999761581421,False
FRC3,2021-05-01 13:26,54,54,12,12,0.6499999761581421,False
FRC3,2021-05-01 13:36,54,54,12,12,0.6499999761581421,False
FRC3,2021-05-01 13:46,54,54,12,12,0.6499999761581421,False
FRC3,2021-05-01 13:56,54,54,12,12,0.6499999761581421,False
FRC3,2021-05-01 14:06,54,54,12,12,0.6499999761581421,False
FRC3,2021-05-01 14:16,54,54,12,12,0.6499999761581421,False
FRC3,2021-05-01 14:26,54,54,12,12,0.6499999761581421,False
FRC3,2021-05-01 14:36,54,54,12,12,0.6499999761581421,False
FRC3,2021-05-01 14:46,54,54,12,12,0.6499999761581421,False
FRC3,2021-05-01 14:56,54,54,12,12,0.6499999761581421,False
FRC3,2021-05-01 15:06,43,54,15,12,0.9200000166893005,False
FRC3,2021-05-01 15:16,54,54,12,12,0.8799999952316284,False
FRC3,2021-05-01 15:26,54,54,12,12,0.8799999952316284,False
FRC3,2021-05-01 15:36,54,54,12,12,0.8799999952316284,False
FRC3,2021-05-01 15:46,41,53,16,12,0.8199999928474426,False
FRC3,2021-05-01 15:56,53,53,12,12,0.8199999928474426,False
FRC3,2021-05-01 16:06,53,53,12,12,0.8199999928474426,False
FRC3,2021-05-01 16:16,53,53,12,12,0.8199999928474426,False
FRC3,2021-05-01 16:26,53,53,12,12,0.8199999928474426,False
FRC3,2021-05-01 16:36,53,53,12,12,0.8199999928474426,False
FRC3,2021-05-01 16:46,53,53,12,12,0.8199999928474426,False
FRC3,2021-05-01 16:56,53,53,12,12,0.8199999928474426,False
FRC3,2021-05-01 17:06,53,53,12,12,0.8199999928474426,False
FRC3,2021-05-01 17:16,53,53,12,12,0.8199999928474426,False
FRC3,2021-05-01 17:26,53,53,12,12,0.8199999928474426,False
FRC3,2021-05-01 17:36,53,53,12,12,0.8199999928474426,False
FRC3,2021-05-01 17:46,53,53,12,12,0.8199999928474426,False
FRC3,2021-05-01 17:56,53,53,12,12,0.8199999928474426,False
FRC3,2021-05-01 18:06,53,53,12,12,0.8199999928474426,False
FRC3,2021-05-01 18:16,53,53,12,12,0.8199999928474426,False
FRC3,2021-05-01 18:26,53,53,12,12,0.8199999928474426,False
FRC3,2021-05-01 18:36,53,53,12,12,0.8199999928474426,False
FRC3,2021-05-01 18:46,53,53,12,12,0.8199999928474426,False
FRC3,2021-05-01 18:56,53,53,12,12,0.8199999928474426,False
FRC3,2021-05-01 19:06,53,53,12,12,0.8199999928474426,False
FRC3,2021-05-01 19:16,53,53,12,12,0.8199999928474426,False
FRC3,2021-05-01 19:26,53,53,12,12,0.8199999928474426,False
FRC3,2021-05-01 19:36,41,54,16,12,0.6600000262260437,False
FRC3,2021-05-01 19:46,54,54,12,12,0.6600000262260437,False
FRC3,2021-05-01 19:56,54,54,12,12,0.6600000262260437,False
FRC3,2021-05-01 20:06,54,54,12,12,0.6600000262260437,False
FRC3,2021-05-01 20:16,54,54,12,12,0.6600000262260437,False
FRC3,2021-05-01 22:08,54,54,12,12,0.6600000262260437,False
FRC3,2021-05-01 22:18,54,54,12,12,0.6600000262260437,False
FRC3,2021-05-01 22:28,54,54,12,12,0.6600000262260437,False
FRC3,2021-05-01 22:38,54,54,12,12,0.6600000262260437,False
FRC3,2021-05-01 22:48,54,54,12,12,0.6600000262260437,False
FRC3,2021-05-01 22:58,54,54,12,12,0.6600000262260437,False
FRC3,2021-05-01 23:08,54,54,12,12,0.6600000262260437,False
FRC3,2021-05-01 23:18,54,54,12,12,0.6600000262260437,False
FRC3,2021-05-01 23:28,54,54,12,12,0.6600000262260437,False
FRC3,2021-05-01 23:38,54,54,12,12,0.6600000262260437,False
FRC3,2021-05-01 23:48,42,53,16,12,0.6299999952316284,False
FRC3,2021-05-01 23:58,53,53,12,12,0.6299999952316284,False
FRC3,2021-05-01 0:08,53,53,12,12,0.6299999952316284,False
FRC3,2021-05-01 0:18,53,53,12,12,0.6299999952316284,False
FRC3,2021-05-01 0:28,53,53,12,12,0.6299999952316284,False
FRC3,2021-05-01 0:38,53,53,12,12,0.6299999952316284,False
FRC3,2021-05-01 0:48,53,53,12,12,0.6299999952316284,False
FRC3,2021-05-01 0:58,53,53,12,12,0.6299999952316284,False
FRC3,2021-05-02 1:08,53,53,12,12,0.6299999952316284,False
FRC3,2021-05-02 1:18,53,53,12,12,0.6299999952316284,False
FRC3,2021-05-02 1:28,53,53,12,12,0.6299999952316284,False
FRC3,2021-05-02 1:38,53,53,12,12,0.6299999952316284,False
FRC3,2021-05-02 1:48,53,53,12,12,0.6299999952316284,False
FRC3,2021-05-02 1:58,53,53,12,12,0.6299999952316284,False
FRC3,2021-05-02 2:08,53,53,12,12,0.6299999952316284,False
FRC3,2021-05-02 2:18,53,53,12,12,0.6299999952316284,False
FRC3,2021-05-02 2:28,53,53,12,12,0.6299999952316284,False
FRC3,2021-05-02 2:38,53,53,12,12,0.6299999952316284,False
FRC3,2021-05-02 2:48,53,53,12,12,0.6299999952316284,False
FRC3,2021-05-02 2:58,53,53,12,12,0.6299999952316284,False
FRC3,2021-05-02 3:08,53,53,12,12,0.6299999952316284,False
FRC3,2021-05-02 3:18,53,53,12,12,0.6299999952316284,False
FRC3,2021-05-02 3:28,53,53,12,12,0.6299999952316284,False
FRC3,2021-05-02 3:38,53,53,12,12,0.6299999952316284,False
FRC3,2021-05-02 3:48,53,53,12,12,0.6299999952316284,False
FRC3,2021-05-02 3:58,53,53,12,12,0.6299999952316284,False
FRC3,2021-05-02 4:08,53,53,12,12,0.6299999952316284,False
FRC3,2021-05-02 4:18,53,53,12,12,0.6299999952316284,False
FRC3,2021-05-02 4:28,53,53,12,12,0.6299999952316284,False
FRC3,2021-05-02 4:38,53,53,12,12,0.6299999952316284,False
FRC3,2021-05-02 4:48,53,53,12,12,0.6299999952316284,False
FRC3,2021-05-02 4:58,53,53,12,12,0.6299999952316284,False
FRC3,2021-05-02 5:08,53,53,12,12,0.6299999952316284,False
FRC3,2021-05-02 5:18,53,53,12,12,0.6299999952316284,False
FRC3,2021-05-02 5:28,53,53,12,12,0.6299999952316284,False
FRC3,2021-05-02 5:38,53,53,12,12,0.6299999952316284,False
FRC3,2021-05-02 5:48,53,53,12,12,0.6299999952316284,False
FRC3,2021-05-02 5:58,53,53,12,12,0.6299999952316284,False
FRC3,2021-05-02 6:08,53,53,12,12,0.6299999952316284,False
FRC3,2021-05-02 6:18,53,53,12,12,0.6299999952316284,False
FRC3,2021-05-02 6:28,53,53,12,12,0.6299999952316284,False
FRC3,2021-05-02 6:38,53,53,12,12,0.6299999952316284,False
FRC3,2021-05-02 6:48,53,53,12,12,0.6299999952316284,False
FRC3,2021-05-02 6:58,53,53,12,12,0.6299999952316284,False
FRC3,2021-05-02 7:08,53,53,12,12,0.6299999952316284,False
FRC3,2021-05-02 7:18,53,53,12,12,0.6299999952316284,False
FRC3,2021-05-02 7:28,41,54,16,12,0.5099999904632568,False
FRC3,2021-05-02 7:38,36,54,19,12,0.5,False
FRC3,2021-05-02 7:48,30,54,22,12,0.5,False
FRC3,2021-05-02 7:58,26,54,26,12,0.5099999904632568,False
FRC3,2021-05-02 8:08,27,53,25,12,0.5099999904632568,False
FRC3,2021-05-02 8:18,31,53,22,12,0.6299999952316284,False
FRC3,2021-05-02 8:28,31,53,22,12,0.6299999952316284,False
FRC3,2021-05-02 8:38,34,53,20,12,0.6299999952316284,False
FRC3,2021-05-02 8:48,38,54,18,12,0.6000000238418579,False
FRC3,2021-05-02 8:58,54,54,12,12,0.5099999904632568,False
FRC3,2021-05-02 9:08,54,54,12,12,0.5099999904632568,False
FRC3,2021-05-02 9:18,54,54,12,12,0.5099999904632568,False
FRC3,2021-05-02 9:28,54,54,12,12,0.5099999904632568,False
FRC3,2021-05-02 9:38,54,54,12,12,0.5099999904632568,False
FRC3,2021-05-02 9:48,54,54,12,12,0.5099999904632568,False
FRC3,2021-05-02 9:58,54,54,12,12,0.5099999904632568,False
FRC3,2021-05-02 10:08,54,54,12,12,0.5099999904632568,False
FRC3,2021-05-02 10:18,54,54,12,12,0.5099999904632568,False
FRC3,2021-05-02 10:28,54,54,12,12,0.5099999904632568,False
FRC3,2021-05-02 10:38,54,54,12,12,0.5099999904632568,False
FRC3,2021-05-02 10:48,54,54,12,12,0.5099999904632568,False
FRC3,2021-05-02 10:58,54,54,12,12,0.5099999904632568,False
FRC3,2021-05-02 11:08,54,54,12,12,0.5099999904632568,False
FRC3,2021-05-02 11:18,54,54,12,12,0.5099999904632568,False
FRC3,2021-05-02 11:28,54,54,12,12,0.5099999904632568,False
FRC3,2021-05-02 11:38,54,54,12,12,0.5099999904632568,False
FRC3,2021-05-02 11:48,27,53,25,12,0.9200000166893005,False
FRC3,2021-05-02 11:58,36,53,19,12,0.949999988079071,False
FRC3,2021-05-02 12:08,38,53,18,12,0.949999988079071,False
FRC3,2021-05-02 12:18,42,54,16,12,0.9200000166893005,False
FRC3,2021-05-02 12:28,54,54,12,12,0.9200000166893005,False
FRC3,2021-05-02 12:38,54,54,12,12,0.9200000166893005,False
FRC3,2021-05-02 12:48,53,53,12,12,0.5099999904632568,False
FRC3,2021-05-02 12:58,53,53,12,12,0.5099999904632568,False
FRC3,2021-05-02 13:08,53,53,12,12,0.5099999904632568,False
FRC3,2021-05-02 13:18,53,53,12,12,0.5099999904632568,False
FRC3,2021-05-02 13:28,53,53,12,12,0.5099999904632568,False
FRC3,2021-05-02 13:38,53,53,12,12,0.6399999856948853,False
FRC3,2021-05-02 13:48,53,53,12,12,0.6399999856948853,False
FRC3,2021-05-02 13:58,53,53,12,12,0.6399999856948853,False
FRC3,2021-05-02 14:08,53,53,12,12,0.6399999856948853,False
FRC3,2021-05-02 14:18,53,53,12,12,0.6399999856948853,False
FRC3,2021-05-02 14:29,42,53,16,12,0.8199999928474426,False
FRC3,2021-05-02 14:39,53,53,12,12,0.8199999928474426,False
FRC3,2021-05-02 14:49,53,53,12,12,0.8199999928474426,False
FRC3,2021-05-02 14:59,53,53,12,12,0.8199999928474426,False
FRC3,2021-05-02 15:09,53,53,12,12,0.8199999928474426,False
FRC3,2021-05-02 15:19,53,53,12,12,0.8199999928474426,False
FRC3,2021-05-02 15:29,53,53,12,12,0.8199999928474426,False
FRC3,2021-05-02 15:39,53,53,12,12,0.8199999928474426,False
FRC3,2021-05-02 15:49,53,53,12,12,0.8199999928474426,False
FRC3,2021-05-02 15:59,53,53,12,12,0.8199999928474426,False
FRC3,2021-05-02 16:09,53,53,12,12,0.8199999928474426,False
FRC3,2021-05-02 16:19,53,53,12,12,0.8199999928474426,False
FRC3,2021-05-02 16:29,53,53,12,12,0.8199999928474426,False
FRC3,2021-05-02 16:39,43,54,15,12,0.5099999904632568,False
FRC3,2021-05-02 16:49,54,54,12,12,0.5099999904632568,False
FRC3,2021-05-02 16:59,54,54,12,12,0.5099999904632568,False
FRC3,2021-05-02 17:09,54,54,12,12,0.5099999904632568,False
FRC3,2021-05-02 17:19,54,54,12,12,0.5099999904632568,False
FRC3,2021-05-02 17:29,54,54,12,12,0.5099999904632568,False
FRC3,2021-05-02 17:39,54,54,12,12,0.5099999904632568,False
FRC3,2021-05-02 17:49,54,54,12,12,0.5099999904632568,False
FRC3,2021-05-02 17:59,54,54,12,12,0.5099999904632568,False
FRC3,2021-05-02 18:09,54,54,12,12,0.5099999904632568,False
FRC3,2021-05-02 18:19,54,54,12,12,0.5099999904632568,False
FRC3,2021-05-02 18:29,54,54,12,12,0.5099999904632568,False
FRC3,2021-05-02 18:39,54,54,12,12,0.5099999904632568,False
FRC3,2021-05-02 18:49,54,54,12,12,0.5099999904632568,False
FRC3,2021-05-02 18:59,54,54,12,12,0.5099999904632568,False
FRC3,2021-05-02 19:09,54,54,12,12,0.5099999904632568,False
FRC3,2021-05-02 19:19,54,54,12,12,0.5099999904632568,False
FRC3,2021-05-02 19:29,54,54,12,12,0.8899999856948853,False
FRC3,2021-05-02 19:39,54,54,12,12,0.8899999856948853,False
FRC3,2021-05-02 19:49,54,54,12,12,0.8899999856948853,False
FRC3,2021-05-02 19:59,54,54,12,12,0.8899999856948853,False
FRC3,2021-05-02 20:09,54,54,12,12,0.8899999856948853,False
FRC3,2021-05-02 20:19,38,53,18,12,0.8899999856948853,False
FRC3,2021-05-02 20:29,38,53,18,12,0.9200000166893005,False
FRC3,2021-05-02 20:39,42,53,16,12,0.8799999952316284,False
FRC3,2021-05-02 20:49,53,53,12,12,0.8199999928474426,False
FRC3,2021-05-02 20:59,53,53,12,12,0.8199999928474426,False
FRC3,2021-05-02 21:09,53,53,12,12,0.8199999928474426,False
FRC3,2021-05-02 21:19,53,53,12,12,0.8199999928474426,False
FRC3,2021-05-02 21:29,53,53,12,12,0.8199999928474426,False
FRC3,2021-05-02 21:39,53,53,12,12,0.8199999928474426,False
FRC3,2021-05-02 21:49,53,53,12,12,0.8199999928474426,False
FRC3,2021-05-02 21:59,53,53,12,12,0.8199999928474426,False
FRC3,2021-05-02 22:09,53,53,12,12,0.8199999928474426,False
FRC3,2021-05-02 22:19,53,53,12,12,0.8199999928474426,False
FRC3,2021-05-02 22:29,43,54,15,12,0.5099999904632568,False
FRC3,2021-05-02 22:39,42,53,16,12,0.8199999928474426,False
FRC3,2021-05-02 22:49,43,54,15,12,0.8899999856948853,False
FRC3,2021-05-02 22:59,54,54,12,12,0.8899999856948853,False
FRC3,2021-05-02 23:09,54,54,12,12,0.8899999856948853,False
FRC3,2021-05-02 23:19,54,54,12,12,0.8899999856948853,False
FRC3,2021-05-02 23:29,54,54,12,12,0.8899999856948853,False
FRC3,2021-05-02 23:39,54,54,12,12,0.8899999856948853,False
FRC3,2021-05-02 23:49,54,54,12,12,0.8899999856948853,False
FRC3,2021-05-02 23:59,54,54,12,12,0.8899999856948853,False
FRC3,2021-05-02 0:09,54,54,12,12,0.8899999856948853,False
FRC3,2021-05-02 0:19,54,54,12,12,0.8899999856948853,False
FRC3,2021-05-02 0:29,54,54,12,12,0.8899999856948853,False
FRC3,2021-05-02 0:39,54,54,12,12,0.8899999856948853,False
FRC3,2021-05-02 0:49,54,54,12,12,0.8899999856948853,False
FRC3,2021-05-02 0:59,54,54,12,12,0.8899999856948853,False
FRC3,2021-05-03 1:09,54,54,12,12,0.8899999856948853,False
FRC3,2021-05-03 1:19,54,54,12,12,0.8899999856948853,False
FRC3,2021-05-03 1:29,54,54,12,12,0.8899999856948853,False
FRC3,2021-05-03 1:39,54,54,12,12,0.8899999856948853,False
FRC3,2021-05-03 1:49,54,54,12,12,0.8899999856948853,False
FRC3,2021-05-03 1:59,54,54,12,12,0.8899999856948853,False
FRC3,2021-05-03 2:09,54,54,12,12,0.8899999856948853,False
FRC3,2021-05-03 2:19,54,54,12,12,0.8899999856948853,False
FRC3,2021-05-03 2:29,54,54,12,12,0.8899999856948853,False
FRC3,2021-05-03 2:39,54,54,12,12,0.8899999856948853,False
FRC3,2021-05-03 2:49,54,54,12,12,0.8899999856948853,False
FRC3,2021-05-03 2:59,54,54,12,12,0.8899999856948853,False
FRC3,2021-05-03 3:09,54,54,12,12,0.8899999856948853,False
FRC3,2021-05-03 3:19,54,54,12,12,0.8899999856948853,False
FRC3,2021-05-03 3:29,54,54,12,12,0.8899999856948853,False
FRC3,2021-05-03 3:39,54,54,12,12,0.8899999856948853,False
FRC3,2021-05-03 3:49,54,54,12,12,0.8899999856948853,False
FRC3,2021-05-03 3:59,54,54,12,12,0.8899999856948853,False
FRC3,2021-05-03 4:09,54,54,12,12,0.8899999856948853,False
FRC3,2021-05-03 4:19,54,54,12,12,0.8899999856948853,False
FRC3,2021-05-03 4:29,54,54,12,12,0.8899999856948853,False
FRC3,2021-05-03 4:39,54,54,12,12,0.8899999856948853,False
FRC3,2021-05-03 4:49,54,54,12,12,0.8899999856948853,False
FRC3,2021-05-03 4:59,54,54,12,12,0.8899999856948853,False
FRC3,2021-05-03 5:09,54,54,12,12,0.8899999856948853,False
FRC3,2021-05-03 5:19,54,54,12,12,0.8899999856948853,False
FRC3,2021-05-03 5:29,54,54,12,12,0.8899999856948853,False
FRC3,2021-05-03 5:39,54,54,12,12,0.8899999856948853,False
FRC3,2021-05-03 5:49,54,54,12,12,0.8899999856948853,False
FRC3,2021-05-03 5:59,54,54,12,12,0.8899999856948853,False
FRC3,2021-05-03 6:09,54,54,12,12,0.8899999856948853,False
FRC3,2021-05-03 6:19,54,54,12,12,0.8899999856948853,False
FRC3,2021-05-03 6:29,54,54,12,12,0.8899999856948853,False
FRC3,2021-05-03 6:39,54,54,12,12,0.8899999856948853,False
FRC3,2021-05-03 6:49,54,54,12,12,0.8899999856948853,False
FRC3,2021-05-03 6:59,42,53,16,12,0.5099999904632568,False
FRC3,2021-05-03 7:09,41,54,16,12,0.5099999904632568,False
FRC3,2021-05-03 7:19,40,54,17,12,0.5099999904632568,False
FRC3,2021-05-03 7:29,39,54,17,12,0.5099999904632568,False
FRC3,2021-05-03 7:39,36,53,19,12,0.5099999904632568,False
FRC3,2021-05-03 7:49,35,54,19,12,0.5099999904632568,False
FRC3,2021-05-03 7:59,33,53,20,12,0.8799999952316284,False
FRC3,2021-05-03 8:09,19,55,36,12,0.9700000286102295,False
FRC3,2021-05-03 8:19,19,55,36,12,0.9800000190734863,False
FRC3,2021-05-03 8:29,9,55,76,12,0.9900000095367432,False
FRC3,2021-05-03 8:39,8,51,85,13,0.9700000286102295,False
FRC3,2021-05-03 8:49,15,55,45,12,0.9599999785423279,False
FRC3,2021-05-03 8:59,15,53,45,12,0.9800000190734863,False
FRC3,2021-05-03 9:09,16,54,42,12,0.9900000095367432,False
FRC3,2021-05-03 9:19,37,54,18,12,0.9900000095367432,False
FRC3,2021-05-03 9:29,27,54,25,12,0.9800000190734863,False
FRC3,2021-05-03 9:39,36,54,19,12,0.9700000286102295,False
FRC3,2021-05-03 9:49,38,54,18,12,0.949999988079071,False
FRC3,2021-05-03 9:59,42,53,16,12,0.9399999976158142,False
FRC3,2021-05-03 10:09,53,53,12,12,0.9200000166893005,False
FRC3,2021-05-03 10:19,53,53,12,12,0.9200000166893005,False
FRC3,2021-05-03 10:29,53,53,12,12,0.9200000166893005,False
FRC3,2021-05-03 10:39,53,53,12,12,0.9200000166893005,False
FRC3,2021-05-03 10:49,53,53,12,12,0.9200000166893005,False
FRC3,2021-05-03 10:59,53,53,12,12,0.9200000166893005,False
FRC3,2021-05-03 11:09,53,53,12,12,0.9200000166893005,False
FRC3,2021-05-03 11:19,53,53,12,12,0.9200000166893005,False
FRC3,2021-05-03 11:29,53,53,12,12,0.9200000166893005,False
FRC3,2021-05-03 11:39,53,53,12,12,0.9200000166893005,False
FRC3,2021-05-03 11:49,53,53,12,12,0.9200000166893005,False
FRC3,2021-05-03 11:59,53,53,12,12,0.9200000166893005,False
FRC3,2021-05-03 12:09,53,53,12,12,0.9200000166893005,False
FRC3,2021-05-03 12:19,53,53,12,12,0.9200000166893005,False
FRC3,2021-05-03 12:29,53,53,12,12,0.9200000166893005,False
FRC3,2021-05-03 12:39,53,53,12,12,0.9200000166893005,False
FRC3,2021-05-03 12:49,42,53,16,12,0.9200000166893005,False
FRC3,2021-05-03 12:59,53,53,12,12,0.9200000166893005,False
FRC3,2021-05-03 13:09,42,54,16,12,0.8899999856948853,False
FRC3,2021-05-03 13:19,42,54,16,12,0.8299999833106995,False
FRC3,2021-05-03 13:29,40,54,17,12,0.6499999761581421,False
FRC3,2021-05-03 13:39,40,53,17,12,0.6399999856948853,False
FRC3,2021-05-03 13:49,29,54,23,12,0.8199999928474426,False
FRC3,2021-05-03 13:59,36,54,19,12,0.9200000166893005,False
FRC3,2021-05-03 14:09,34,54,20,12,0.9399999976158142,False
FRC3,2021-05-03 14:19,36,53,19,12,0.9599999785423279,False
FRC3,2021-05-03 14:29,39,54,17,12,0.9700000286102295,False
FRC3,2021-05-03 14:39,36,54,19,12,0.9700000286102295,False
FRC3,2021-05-03 14:49,39,53,17,12,0.9599999785423279,False
FRC3,2021-05-03 14:59,36,53,19,12,0.9399999976158142,False
FRC3,2021-05-03 15:09,35,53,19,12,0.9200000166893005,False
FRC3,2021-05-03 15:19,36,54,19,12,0.8899999856948853,False
FRC3,2021-05-03 15:29,37,54,18,12,0.5099999904632568,False
FRC3,2021-05-03 15:39,38,54,18,12,0.5099999904632568,False
FRC3,2021-05-03 15:49,37,54,18,12,0.5099999904632568,False
FRC3,2021-05-03 15:59,39,53,17,12,0.5099999904632568,False
FRC3,2021-05-03 16:09,40,54,17,12,0.5099999904632568,False
FRC3,2021-05-03 16:19,40,54,17,12,0.5099999904632568,False
FRC3,2021-05-03 16:29,40,54,17,12,0.5099999904632568,False
FRC3,2021-05-03 16:39,38,53,18,12,0.5099999904632568,False
FRC3,2021-05-03 16:49,38,53,18,12,0.5099999904632568,False
FRC3,2021-05-03 16:59,38,54,18,12,0.5099999904632568,False
FRC3,2021-05-03 17:09,39,54,17,12,0.9200000166893005,False
FRC3,2021-05-03 17:19,34,53,20,12,0.9599999785423279,False
FRC3,2021-05-03 17:29,33,54,20,12,0.9599999785423279,False
FRC3,2021-05-03 17:39,31,54,22,12,0.9100000262260437,False
FRC3,2021-05-03 17:49,23,54,29,12,0.8799999952316284,False
FRC3,2021-05-03 17:59,26,53,26,12,0.9599999785423279,False
FRC3,2021-05-03 18:09,35,54,19,12,0.9599999785423279,False
FRC3,2021-05-03 18:19,37,54,18,12,0.9700000286102295,False
FRC3,2021-05-03 18:29,28,53,24,12,0.9599999785423279,False
FRC3,2021-05-03 18:39,31,53,22,12,0.949999988079071,False
FRC3,2021-05-03 18:49,36,53,19,12,0.949999988079071,False
FRC3,2021-05-03 18:59,39,54,17,12,0.9200000166893005,False
FRC3,2021-05-03 19:09,37,54,18,12,0.9200000166893005,False
FRC3,2021-05-03 19:19,14,54,49,12,0.949999988079071,False
FRC3,2021-05-03 19:29,36,54,19,12,0.9599999785423279,False
FRC3,2021-05-03 19:39,39,54,17,12,0.949999988079071,False
FRC3,2021-05-03 19:49,41,54,16,12,0.8299999833106995,False
FRC3,2021-05-03 19:59,43,54,15,12,0.6000000238418579,False
FRC3,2021-05-03 20:09,42,53,16,12,0.6399999856948853,False
FRC3,2021-05-03 20:19,53,53,12,12,0.6399999856948853,False
FRC3,2021-05-03 20:29,53,53,12,12,0.6399999856948853,False
FRC3,2021-05-03 20:39,53,53,12,12,0.6399999856948853,False
FRC3,2021-05-03 20:49,53,53,12,12,0.6399999856948853,False
FRC3,2021-05-03 20:59,53,53,12,12,0.6399999856948853,False
FRC3,2021-05-03 21:09,41,53,16,12,0.5099999904632568,False
FRC3,2021-05-03 21:19,54,54,12,12,0.5099999904632568,False
FRC3,2021-05-03 21:29,54,54,12,12,0.5099999904632568,False
FRC3,2021-05-03 21:39,54,54,12,12,0.5099999904632568,False
FRC3,2021-05-03 21:49,54,54,12,12,0.5099999904632568,False
FRC3,2021-05-03 21:59,54,54,12,12,0.5099999904632568,False
FRC3,2021-05-03 22:09,54,54,12,12,0.5099999904632568,False
FRC3,2021-05-03 22:19,54,54,12,12,0.5099999904632568,False
FRC3,2021-05-03 22:29,54,54,12,12,0.5099999904632568,False
FRC3,2021-05-03 22:39,54,54,12,12,0.5099999904632568,False
FRC3,2021-05-03 22:49,54,54,12,12,0.5099999904632568,False
FRC3,2021-05-03 22:59,54,54,12,12,0.5099999904632568,False
FRC3,2021-05-03 23:09,54,54,12,12,0.5099999904632568,False
FRC3,2021-05-04 15:44,39,54,17,12,0.6299999952316284,False
FRC3,2021-05-04 15:54,37,54,18,12,0.6299999952316284,False
FRC3,2021-05-04 16:04,40,53,17,12,0.8199999928474426,False
FRC3,2021-05-04 16:14,42,54,16,12,0.8899999856948853,False
FRC3,2021-05-04 16:24,42,54,16,12,0.8199999928474426,False
FRC3,2021-05-04 16:34,42,54,16,12,0.6399999856948853,False
FRC3,2021-05-04 16:44,41,54,16,12,0.5099999904632568,False
FRC3,2021-05-04 16:54,42,53,16,12,0.6399999856948853,False
FRC3,2021-05-04 17:04,42,53,16,12,0.6399999856948853,False
FRC3,2021-05-04 17:14,42,53,16,12,0.6399999856948853,False
FRC3,2021-05-04 17:24,39,53,17,12,0.5099999904632568,False
FRC3,2021-05-04 17:34,22,53,31,12,0.9100000262260437,False
FRC3,2021-05-04 17:44,19,53,36,12,0.9300000071525574,False
FRC3,2021-05-04 17:54,38,53,18,12,0.9599999785423279,False
FRC3,2021-05-04 18:04,30,53,22,12,0.9700000286102295,False
FRC3,2021-05-04 18:14,32,53,21,12,0.9700000286102295,False
FRC3,2021-05-04 18:24,23,54,29,12,0.9800000190734863,False
FRC3,2021-05-04 18:34,23,53,29,12,0.9800000190734863,False
FRC3,2021-05-04 18:44,28,53,24,12,0.9800000190734863,False
FRC3,2021-05-04 18:54,35,54,19,12,0.9800000190734863,False
FRC3,2021-05-04 19:04,29,54,23,12,0.9700000286102295,False
FRC3,2021-05-04 19:14,31,53,22,12,0.9599999785423279,False
FRC3,2021-05-04 19:24,41,54,16,12,0.9399999976158142,False
FRC3,2021-05-04 19:34,34,53,20,12,0.8899999856948853,False
FRC3,2021-05-04 19:44,30,54,22,12,0.9399999976158142,False
FRC3,2021-05-04 19:54,34,54,20,12,0.8899999856948853,False
FRC3,2021-05-04 20:04,38,53,18,12,0.6399999856948853,False
FRC3,2021-05-04 20:14,54,54,12,12,0.5099999904632568,False
FRC3,2021-05-04 20:24,54,54,12,12,0.5099999904632568,False
FRC3,2021-05-04 20:34,54,54,12,12,0.5099999904632568,False
FRC3,2021-05-04 20:44,54,54,12,12,0.5099999904632568,False
FRC3,2021-05-04 20:54,54,54,12,12,0.5099999904632568,False
FRC3,2021-05-04 21:04,54,54,12,12,0.5099999904632568,False
FRC3,2021-05-04 21:14,54,54,12,12,0.5099999904632568,False
FRC3,2021-05-04 21:24,54,54,12,12,0.5099999904632568,False
FRC3,2021-05-04 21:34,54,54,12,12,0.5099999904632568,False
FRC3,2021-05-04 21:44,54,54,12,12,0.5099999904632568,False
FRC3,2021-05-04 21:54,54,54,12,12,0.5099999904632568,False
FRC3,2021-05-04 22:05,54,54,12,12,0.5099999904632568,False
FRC3,2021-05-04 22:15,54,54,12,12,0.5099999904632568,False
FRC3,2021-05-04 22:25,54,54,12,12,0.5099999904632568,False
FRC3,2021-05-04 22:35,54,54,12,12,0.5099999904632568,False
FRC3,2021-05-04 22:45,54,54,12,12,0.5099999904632568,False
FRC3,2021-05-04 22:55,54,54,12,12,0.5099999904632568,False
FRC3,2021-05-04 23:05,54,54,12,12,0.5099999904632568,False
FRC3,2021-05-04 23:15,54,54,12,12,0.5099999904632568,False
FRC3,2021-05-04 23:25,54,54,12,12,0.5099999904632568,False
FRC3,2021-05-04 23:35,54,54,12,12,0.5099999904632568,False
FRC3,2021-05-04 23:45,54,54,12,12,0.5099999904632568,False
FRC3,2021-05-04 23:55,54,54,12,12,0.5099999904632568,False
FRC3,2021-05-04 0:05,54,54,12,12,0.5099999904632568,False
FRC3,2021-05-04 0:15,54,54,12,12,0.5099999904632568,False
FRC3,2021-05-04 0:25,54,54,12,12,0.5099999904632568,False
FRC3,2021-05-04 0:35,54,54,12,12,0.5099999904632568,False
FRC3,2021-05-04 0:45,54,54,12,12,0.5099999904632568,False
FRC3,2021-05-04 0:55,54,54,12,12,0.5099999904632568,False
FRC3,2021-05-05 1:05,54,54,12,12,0.5099999904632568,False
FRC3,2021-05-05 1:15,54,54,12,12,0.5099999904632568,False
FRC3,2021-05-05 1:25,54,54,12,12,0.5099999904632568,False
FRC3,2021-05-05 1:35,54,54,12,12,0.5099999904632568,False
FRC3,2021-05-05 1:45,54,54,12,12,0.5099999904632568,False
FRC3,2021-05-05 1:55,54,54,12,12,0.5099999904632568,False
FRC3,2021-05-05 2:05,54,54,12,12,0.5099999904632568,False
FRC3,2021-05-05 2:15,54,54,12,12,0.5099999904632568,False
FRC3,2021-05-05 2:25,54,54,12,12,0.5099999904632568,False
FRC3,2021-05-05 2:35,54,54,12,12,0.5099999904632568,False
FRC3,2021-05-05 2:45,54,54,12,12,0.5099999904632568,False
FRC3,2021-05-05 2:55,54,54,12,12,0.5099999904632568,False
FRC3,2021-05-05 3:05,54,54,12,12,0.5099999904632568,False
FRC3,2021-05-05 3:15,54,54,12,12,0.5099999904632568,False
FRC3,2021-05-05 3:25,54,54,12,12,0.5099999904632568,False
FRC3,2021-05-05 3:35,54,54,12,12,0.5099999904632568,False
FRC3,2021-05-05 3:45,54,54,12,12,0.5099999904632568,False
FRC3,2021-05-05 3:55,54,54,12,12,0.5099999904632568,False
FRC3,2021-05-05 4:05,54,54,12,12,0.5099999904632568,False
FRC3,2021-05-05 4:15,54,54,12,12,0.5099999904632568,False
FRC3,2021-05-05 4:25,54,54,12,12,0.5099999904632568,False
FRC3,2021-05-05 4:35,54,54,12,12,0.5099999904632568,False
FRC3,2021-05-05 4:45,54,54,12,12,0.5099999904632568,False
FRC3,2021-05-05 4:55,54,54,12,12,0.5099999904632568,False
FRC3,2021-05-05 5:05,54,54,12,12,0.5099999904632568,False
FRC3,2021-05-05 5:15,54,54,12,12,0.5099999904632568,False
FRC3,2021-05-05 5:25,54,54,12,12,0.5099999904632568,False
FRC3,2021-05-05 5:35,54,54,12,12,0.5099999904632568,False
FRC3,2021-05-05 5:45,54,54,12,12,0.5099999904632568,False
FRC3,2021-05-05 5:55,54,54,12,12,0.5099999904632568,False
FRC3,2021-05-05 6:05,54,54,12,12,0.5099999904632568,False
FRC3,2021-05-05 6:15,54,54,12,12,0.5099999904632568,False
FRC3,2021-05-05 6:25,54,54,12,12,0.5099999904632568,False
FRC3,2021-05-05 6:35,54,54,12,12,0.5099999904632568,False
FRC3,2021-05-05 6:45,54,54,12,12,0.5099999904632568,False
FRC3,2021-05-05 6:55,54,54,12,12,0.5099999904632568,False
FRC3,2021-05-05 7:05,54,54,12,12,0.5099999904632568,False
FRC3,2021-05-05 7:15,54,54,12,12,0.5099999904632568,False
FRC3,2021-05-05 7:25,42,54,16,12,0.5099999904632568,False
FRC3,2021-05-05 7:35,39,53,17,12,0.5099999904632568,False
FRC3,2021-05-05 7:45,35,54,19,12,0.5,False
FRC3,2021-05-05 7:55,32,53,21,12,0.8799999952316284,False
FRC3,2021-05-05 8:05,29,53,23,12,0.9599999785423279,False
FRC3,2021-05-05 8:15,22,54,31,12,0.9599999785423279,False
FRC3,2021-05-05 8:25,22,55,31,12,0.9300000071525574,False
FRC3,2021-05-05 8:35,16,52,42,13,0.8799999952316284,False
FRC3,2021-05-05 8:45,14,52,49,13,0.9700000286102295,False
FRC3,2021-05-05 8:55,12,54,57,12,0.9800000190734863,False
FRC3,2021-05-05 9:05,27,54,25,12,0.9900000095367432,False
FRC3,2021-05-05 9:15,38,54,18,12,0.9800000190734863,False
FRC3,2021-05-05 9:25,32,53,21,12,0.9700000286102295,False
FRC3,2021-05-05 9:35,38,54,18,12,0.9200000166893005,False
FRC3,2021-05-05 9:45,38,53,18,12,0.5099999904632568,False
FRC3,2021-05-05 9:55,42,53,16,12,0.5099999904632568,False
FRC3,2021-05-05 10:05,53,53,12,12,0.5099999904632568,False
FRC3,2021-05-05 10:15,53,53,12,12,0.5099999904632568,False
FRC3,2021-05-05 10:25,53,53,12,12,0.5099999904632568,False
FRC3,2021-05-05 10:35,53,53,12,12,0.5099999904632568,False
FRC3,2021-05-05 10:45,53,53,12,12,0.5099999904632568,False
FRC3,2021-05-05 10:55,53,53,12,12,0.5099999904632568,False
FRC3,2021-05-05 11:05,53,53,12,12,0.5099999904632568,False
FRC3,2021-05-05 11:15,53,53,12,12,0.5099999904632568,False
FRC3,2021-05-05 11:25,53,53,12,12,0.5099999904632568,False
FRC3,2021-05-05 11:35,53,53,12,12,0.5099999904632568,False
FRC3,2021-05-05 11:45,53,53,12,12,0.5099999904632568,False
FRC3,2021-05-05 11:55,53,53,12,12,0.5099999904632568,False
FRC3,2021-05-05 12:05,53,53,12,12,0.5099999904632568,False
FRC3,2021-05-05 12:15,53,53,12,12,0.5099999904632568,False
FRC3,2021-05-05 12:25,53,53,12,12,0.5099999904632568,False
FRC3,2021-05-05 12:35,53,53,12,12,0.5099999904632568,False
FRC3,2021-05-05 12:45,53,53,12,12,0.5099999904632568,False
FRC3,2021-05-05 12:55,53,53,12,12,0.5099999904632568,False
FRC3,2021-05-05 13:05,53,53,12,12,0.5099999904632568,False
FRC3,2021-05-05 13:15,53,53,12,12,0.5099999904632568,False
FRC3,2021-05-05 13:25,53,53,12,12,0.5099999904632568,False
FRC3,2021-05-05 13:35,53,53,12,12,0.5099999904632568,False
FRC3,2021-05-05 13:45,40,54,17,12,0.6399999856948853,False
FRC3,2021-05-05 13:55,54,54,12,12,0.8199999928474426,False
FRC3,2021-05-05 14:05,35,54,19,12,0.949999988079071,False
FRC3,2021-05-05 14:15,38,54,18,12,0.949999988079071,False
FRC3,2021-05-05 14:25,39,53,17,12,0.9200000166893005,False
FRC3,2021-05-05 14:35,42,53,16,12,0.6399999856948853,False
FRC3,2021-05-05 14:45,34,53,20,12,0.9200000166893005,False
FRC3,2021-05-05 14:55,26,54,26,12,0.9599999785423279,False
FRC3,2021-05-05 15:05,54,54,12,12,0.9700000286102295,False
FRC3,2021-05-05 15:15,54,54,12,12,0.9700000286102295,False
FRC3,2021-05-05 15:25,43,54,15,12,0.9700000286102295,False
FRC3,2021-05-05 15:35,43,54,15,12,0.8299999833106995,False
FRC3,2021-05-05 15:45,54,54,12,12,0.8299999833106995,False
FRC3,2021-05-05 15:55,42,54,16,12,0.5099999904632568,False
FRC3,2021-05-05 16:05,54,54,12,12,0.5099999904632568,False
FRC3,2021-05-05 16:15,36,54,19,12,0.9200000166893005,False
FRC3,2021-05-05 16:25,42,54,16,12,0.949999988079071,False
FRC3,2021-05-05 16:35,54,54,12,12,0.9399999976158142,False
FRC3,2021-05-05 16:45,54,54,12,12,0.9399999976158142,False
FRC3,2021-05-05 16:55,54,54,12,12,0.9399999976158142,False
FRC3,2021-05-05 17:05,54,54,12,12,0.9399999976158142,False
FRC3,2021-05-05 17:15,40,54,17,12,0.5099999904632568,False
FRC3,2021-05-05 17:25,42,54,16,12,0.6399999856948853,False
FRC3,2021-05-05 17:35,38,54,18,12,0.9200000166893005,False
FRC3,2021-05-05 17:45,37,54,18,12,0.9399999976158142,False
FRC3,2021-05-05 17:55,34,53,20,12,0.949999988079071,False
FRC3,2021-05-05 18:05,36,53,19,12,0.9599999785423279,False
FRC3,2021-05-05 18:15,35,54,19,12,0.9700000286102295,False
FRC3,2021-05-05 18:25,17,53,40,12,0.9800000190734863,False
FRC3,2021-05-05 18:35,17,55,40,12,0.9800000190734863,False
FRC3,2021-05-05 18:45,32,54,21,12,0.9900000095367432,False
FRC3,2021-05-05 18:55,34,53,20,12,0.9800000190734863,False
FRC3,2021-05-06 8:38,24,54,28,12,0.9599999785423279,False
FRC3,2021-05-06 8:48,15,52,45,13,0.9599999785423279,False
FRC3,2021-05-06 8:58,17,52,40,13,0.949999988079071,False
FRC3,2021-05-06 9:08,20,52,34,13,0.9300000071525574,False
FRC3,2021-05-06 9:18,25,54,27,12,0.8199999928474426,False
FRC3,2021-05-06 9:28,32,53,21,12,0.5099999904632568,False
FRC3,2021-05-06 9:38,53,53,12,12,0.5099999904632568,False
FRC3,2021-05-06 9:48,53,53,12,12,0.5099999904632568,False
FRC3,2021-05-06 9:58,53,53,12,12,0.5099999904632568,False
FRC3,2021-05-06 10:08,39,54,17,12,0.6700000166893005,False
FRC3,2021-05-06 10:18,54,54,12,12,0.6700000166893005,False
FRC3,2021-05-06 10:28,54,54,12,12,0.6700000166893005,False
FRC3,2021-05-06 10:38,54,54,12,12,0.6700000166893005,False
FRC3,2021-05-06 10:48,54,54,12,12,0.6700000166893005,False
FRC3,2021-05-06 10:58,54,54,12,12,0.6700000166893005,False
FRC3,2021-05-06 11:08,54,54,12,12,0.6700000166893005,False
FRC3,2021-05-06 11:18,54,54,12,12,0.6700000166893005,False
FRC3,2021-05-06 11:28,54,54,12,12,0.6700000166893005,False
FRC3,2021-05-06 11:38,54,54,12,12,0.6700000166893005,False
FRC3,2021-05-06 11:48,54,54,12,12,0.6700000166893005,False
FRC3,2021-05-06 11:58,54,54,12,12,0.6700000166893005,False
FRC3,2021-05-06 12:08,54,54,12,12,0.6700000166893005,False
FRC3,2021-05-06 12:18,54,54,12,12,0.6700000166893005,False
FRC3,2021-05-06 12:28,54,54,12,12,0.6700000166893005,False
FRC3,2021-05-06 12:38,54,54,12,12,0.6700000166893005,False
FRC3,2021-05-06 12:48,54,54,12,12,0.6700000166893005,False
FRC3,2021-05-06 12:58,54,54,12,12,0.6700000166893005,False
FRC3,2021-05-06 13:08,39,54,17,12,0.8899999856948853,False
FRC3,2021-05-06 13:18,40,53,17,12,0.8299999833106995,False
FRC3,2021-05-06 13:28,40,53,17,12,0.8299999833106995,False
FRC3,2021-05-06 13:38,43,54,15,12,0.6399999856948853,False
FRC3,2021-05-06 13:48,54,54,12,12,0.6600000262260437,False
FRC3,2021-05-06 13:58,43,54,15,12,0.5099999904632568,False
FRC3,2021-05-06 14:08,42,54,16,12,0.5099999904632568,False
FRC3,2021-05-06 14:18,41,53,16,12,0.5099999904632568,False
FRC3,2021-05-06 14:28,43,54,15,12,0.8799999952316284,False
FRC3,2021-05-06 14:38,43,54,15,12,0.8799999952316284,False
FRC3,2021-05-06 14:48,40,54,17,12,0.9200000166893005,False
FRC3,2021-05-06 14:58,40,54,17,12,0.8199999928474426,False
FRC3,2021-05-06 15:08,40,54,17,12,0.6399999856948853,False
FRC3,2021-05-06 15:18,40,54,17,12,0.8199999928474426,False
FRC3,2021-05-06 15:28,42,53,16,12,0.8199999928474426,False
FRC3,2021-05-06 15:38,40,53,17,12,0.8199999928474426,False
FRC3,2021-05-06 15:48,53,53,12,12,0.6399999856948853,False
FRC3,2021-05-06 15:58,42,53,16,12,0.6399999856948853,False
FRC3,2021-05-06 16:08,53,53,12,12,0.8199999928474426,False
FRC3,2021-05-06 16:18,54,54,12,12,0.8199999928474426,False
FRC3,2021-05-06 16:28,42,54,16,12,0.6299999952316284,False
FRC3,2021-05-06 16:38,40,53,17,12,0.6399999856948853,False
FRC3,2021-05-06 16:48,39,53,17,12,0.6399999856948853,False
FRC3,2021-05-06 16:58,40,54,17,12,0.8199999928474426,False
FRC3,2021-05-06 17:08,38,54,18,12,0.6299999952316284,False
FRC3,2021-05-06 17:18,36,53,19,12,0.6299999952316284,False
FRC3,2021-05-06 17:28,30,53,22,12,0.6200000047683716,False
FRC3,2021-05-06 17:38,34,54,20,12,0.8199999928474426,False
FRC3,2021-05-06 17:48,34,53,20,12,0.8199999928474426,False
FRC3,2021-05-06 17:58,33,53,20,12,0.8199999928474426,False
FRC3,2021-05-06 18:08,41,53,16,12,0.8199999928474426,False
FRC3,2021-05-06 18:18,36,54,19,12,0.8899999856948853,False
FRC3,2021-05-06 18:28,34,53,20,12,0.9200000166893005,False
FRC3,2021-05-06 18:38,33,53,20,12,0.9200000166893005,False
FRC3,2021-05-06 18:48,32,53,21,12,0.8299999833106995,False
FRC3,2021-05-06 18:58,32,54,21,12,0.5099999904632568,False
FRC3,2021-05-06 19:08,41,53,16,12,0.8299999833106995,False
FRC3,2021-05-06 19:18,39,54,17,12,0.8199999928474426,False
FRC3,2021-05-06 19:28,53,53,12,12,0.8199999928474426,False
FRC3,2021-05-06 19:38,41,54,16,12,0.8199999928474426,False
FRC3,2021-05-06 19:48,41,54,16,12,0.8299999833106995,False
FRC3,2021-05-06 19:58,42,54,16,12,0.6499999761581421,False
FRC3,2021-05-06 20:08,53,53,12,12,0.6000000238418579,False
FRC3,2021-05-06 20:18,53,53,12,12,0.6000000238418579,False
FRC3,2021-05-06 20:28,53,53,12,12,0.6000000238418579,False
FRC3,2021-05-06 20:38,53,53,12,12,0.6000000238418579,False
FRC3,2021-05-06 20:48,53,53,12,12,0.6000000238418579,False
FRC3,2021-05-06 20:58,53,53,12,12,0.6000000238418579,False
FRC3,2021-05-06 21:08,53,53,12,12,0.6000000238418579,False
FRC3,2021-05-06 21:18,53,53,12,12,0.6000000238418579,False
FRC3,2021-05-06 21:28,53,53,12,12,0.6000000238418579,False
FRC3,2021-05-06 21:38,53,53,12,12,0.6000000238418579,False
FRC3,2021-05-06 21:48,53,53,12,12,0.6000000238418579,False
FRC3,2021-05-06 21:58,53,53,12,12,0.6000000238418579,False
FRC3,2021-05-06 22:08,53,53,12,12,0.6000000238418579,False
FRC3,2021-05-06 22:18,53,53,12,12,0.6000000238418579,False
FRC3,2021-05-06 22:28,53,53,12,12,0.6000000238418579,False
FRC3,2021-05-06 22:38,53,53,12,12,0.6000000238418579,False
FRC3,2021-05-06 22:48,53,53,12,12,0.6000000238418579,False
FRC3,2021-05-06 22:58,53,53,12,12,0.6000000238418579,False
FRC3,2021-05-06 23:08,53,53,12,12,0.6000000238418579,False
FRC3,2021-05-06 23:18,53,53,12,12,0.6000000238418579,False
FRC3,2021-05-06 23:28,53,53,12,12,0.6000000238418579,False
FRC3,2021-05-06 23:38,53,53,12,12,0.6000000238418579,False
FRC3,2021-05-06 23:48,53,53,12,12,0.6000000238418579,False
FRC3,2021-05-06 23:58,53,53,12,12,0.6000000238418579,False
FRC3,2021-05-06 0:08,53,53,12,12,0.6000000238418579,False
FRC3,2021-05-06 0:18,53,53,12,12,0.6000000238418579,False
FRC3,2021-05-06 0:28,53,53,12,12,0.6000000238418579,False
FRC3,2021-05-06 0:38,53,53,12,12,0.6000000238418579,False
FRC3,2021-05-06 0:48,53,53,12,12,0.6000000238418579,False
FRC3,2021-05-06 0:58,53,53,12,12,0.6000000238418579,False
FRC3,2021-05-07 1:08,53,53,12,12,0.6000000238418579,False
FRC3,2021-05-07 1:18,53,53,12,12,0.6000000238418579,False
FRC3,2021-05-07 1:28,53,53,12,12,0.6000000238418579,False
FRC3,2021-05-07 1:38,53,53,12,12,0.6000000238418579,False
FRC3,2021-05-07 1:48,53,53,12,12,0.6000000238418579,False
FRC3,2021-05-07 1:58,53,53,12,12,0.6000000238418579,False
FRC3,2021-05-07 2:08,53,53,12,12,0.6000000238418579,False
FRC3,2021-05-07 2:18,53,53,12,12,0.6000000238418579,False
FRC3,2021-05-07 2:28,53,53,12,12,0.6000000238418579,False
FRC3,2021-05-07 2:38,53,53,12,12,0.6000000238418579,False
FRC3,2021-05-07 2:48,53,53,12,12,0.6000000238418579,False
FRC3,2021-05-07 2:58,53,53,12,12,0.6000000238418579,False
FRC3,2021-05-07 3:08,53,53,12,12,0.6000000238418579,False
FRC3,2021-05-07 3:18,53,53,12,12,0.6000000238418579,False
FRC3,2021-05-07 3:28,53,53,12,12,0.6000000238418579,False
FRC3,2021-05-07 3:38,53,53,12,12,0.6000000238418579,False
FRC3,2021-05-07 3:48,53,53,12,12,0.6000000238418579,False
FRC3,2021-05-07 3:58,53,53,12,12,0.6000000238418579,False
FRC3,2021-05-07 4:08,53,53,12,12,0.6000000238418579,False
FRC3,2021-05-07 4:18,53,53,12,12,0.6000000238418579,False
FRC3,2021-05-07 4:28,53,53,12,12,0.6000000238418579,False
FRC3,2021-05-07 4:38,53,53,12,12,0.6000000238418579,False
FRC3,2021-05-07 4:48,53,53,12,12,0.6000000238418579,False
FRC3,2021-05-07 4:58,53,53,12,12,0.6000000238418579,False
FRC3,2021-05-07 5:08,53,53,12,12,0.6000000238418579,False
FRC3,2021-05-07 5:18,53,53,12,12,0.6000000238418579,False
FRC3,2021-05-07 5:28,53,53,12,12,0.6000000238418579,False
FRC3,2021-05-07 5:38,53,53,12,12,0.6000000238418579,False
FRC3,2021-05-07 5:48,53,53,12,12,0.6000000238418579,False
FRC3,2021-05-07 5:58,53,53,12,12,0.6000000238418579,False
FRC3,2021-05-07 6:08,53,53,12,12,0.6000000238418579,False
FRC3,2021-05-07 6:18,53,53,12,12,0.6000000238418579,False
FRC3,2021-05-07 6:28,53,53,12,12,0.6000000238418579,False
FRC3,2021-05-07 6:38,53,53,12,12,0.6000000238418579,False
FRC3,2021-05-07 6:48,53,53,12,12,0.6000000238418579,False
FRC3,2021-05-07 6:58,42,53,16,12,0.5,False
FRC3,2021-05-07 7:08,40,54,17,12,0.5099999904632568,False
FRC3,2021-05-07 7:18,38,53,18,12,0.5099999904632568,False
FRC3,2021-05-07 7:28,37,54,18,12,0.5099999904632568,False
FRC3,2021-05-07 7:38,36,53,19,12,0.5099999904632568,False
FRC3,2021-05-07 7:48,39,54,17,12,0.6299999952316284,False
FRC3,2021-05-07 7:58,34,53,20,12,0.9200000166893005,False
FRC3,2021-05-07 8:08,26,54,26,12,0.9800000190734863,False
FRC3,2021-05-07 8:18,17,54,40,12,0.9800000190734863,False
FRC3,2021-05-07 8:28,9,53,76,12,0.9800000190734863,False
FRC3,2021-05-07 8:38,17,55,40,12,0.9700000286102295,False
FRC3,2021-05-07 8:48,11,55,62,12,0.9800000190734863,False
FRC3,2021-05-07 8:58,29,54,23,12,0.9800000190734863,False
FRC3,2021-05-07 9:08,26,53,26,12,0.9599999785423279,False
FRC3,2021-05-07 9:18,31,54,22,12,0.9200000166893005,False
FRC3,2021-05-07 9:28,29,54,23,12,0.8199999928474426,False
FRC3,2021-05-07 9:38,32,54,21,12,0.6000000238418579,False
FRC3,2021-05-07 9:48,37,54,18,12,0.5099999904632568,False
FRC3,2021-05-07 9:58,42,53,16,12,0.5099999904632568,False
FRC3,2021-05-07 10:08,53,53,12,12,0.5099999904632568,False
FRC3,2021-05-07 10:18,53,53,12,12,0.5099999904632568,False
FRC3,2021-05-07 10:28,53,53,12,12,0.5099999904632568,False
FRC3,2021-05-07 10:38,53,53,12,12,0.5099999904632568,False
FRC3,2021-05-07 10:48,53,53,12,12,0.5099999904632568,False
FRC3,2021-05-07 10:58,53,53,12,12,0.5099999904632568,False
FRC3,2021-05-07 11:08,53,53,12,12,0.5099999904632568,False
FRC3,2021-05-07 11:18,53,53,12,12,0.5099999904632568,False
FRC3,2021-05-07 11:28,53,53,12,12,0.5099999904632568,False
FRC3,2021-05-07 11:38,53,53,12,12,0.5099999904632568,False
FRC3,2021-05-07 11:48,53,53,12,12,0.5099999904632568,False
FRC3,2021-05-07 11:58,53,53,12,12,0.5099999904632568,False
FRC3,2021-05-07 12:08,53,53,12,12,0.5099999904632568,False
FRC3,2021-05-07 12:18,53,53,12,12,0.5099999904632568,False
FRC3,2021-05-07 12:28,53,53,12,12,0.5099999904632568,False
FRC3,2021-05-07 12:38,53,53,12,12,0.5099999904632568,False
FRC3,2021-05-07 12:48,53,53,12,12,0.5099999904632568,False
FRC3,2021-05-07 12:58,53,53,12,12,0.5099999904632568,False
FRC3,2021-05-07 13:08,53,53,12,12,0.5099999904632568,False
FRC3,2021-05-07 13:18,39,53,17,12,0.8199999928474426,False
FRC3,2021-05-07 13:28,39,53,17,12,0.8299999833106995,False
FRC3,2021-05-07 13:38,41,54,16,12,0.6499999761581421,False
FRC3,2021-05-07 13:48,53,53,12,12,0.6499999761581421,False
FRC3,2021-05-07 13:58,31,53,22,12,0.8799999952316284,False
FRC3,2021-05-07 14:08,53,53,12,12,0.9200000166893005,False
FRC3,2021-05-07 14:18,53,53,12,12,0.9200000166893005,False
FRC3,2021-05-07 14:28,53,53,12,12,0.9200000166893005,False
FRC3,2021-05-07 14:38,54,54,12,12,0.9399999976158142,False
FRC3,2021-05-07 14:48,54,54,12,12,0.9399999976158142,False
FRC3,2021-05-07 14:58,54,54,12,12,0.9399999976158142,False
FRC3,2021-05-07 15:08,54,54,12,12,0.9399999976158142,False
FRC3,2021-05-07 15:18,54,54,12,12,0.9399999976158142,False
FRC3,2021-05-07 15:28,54,54,12,12,0.9399999976158142,False
FRC3,2021-05-07 15:38,54,54,12,12,0.9399999976158142,False
FRC3,2021-05-07 15:48,54,54,12,12,0.9399999976158142,False
FRC3,2021-05-07 15:58,41,53,16,12,0.8799999952316284,False
FRC3,2021-05-07 16:08,54,54,12,12,0.6399999856948853,False
FRC3,2021-05-07 16:18,54,54,12,12,0.6399999856948853,False
FRC3,2021-05-07 16:28,54,54,12,12,0.6399999856948853,False
FRC3,2021-05-07 16:38,54,54,12,12,0.6399999856948853,False
FRC3,2021-05-07 16:48,42,53,16,12,0.5099999904632568,False
FRC3,2021-05-07 16:58,39,53,17,12,0.6299999952316284,False
FRC3,2021-05-07 17:08,41,53,16,12,0.8199999928474426,False
FRC3,2021-05-07 17:18,39,53,17,12,0.8199999928474426,False
FRC3,2021-05-07 17:28,15,55,45,12,0.9300000071525574,False
FRC3,2021-05-07 17:38,29,54,23,12,0.949999988079071,False
FRC3,2021-05-07 17:48,14,54,49,12,0.9800000190734863,False
FRC3,2021-05-07 17:58,24,54,28,12,0.9599999785423279,False
FRC3,2021-05-07 18:08,23,53,29,12,0.9800000190734863,False
FRC3,2021-05-07 18:18,26,54,26,12,0.9700000286102295,False
FRC3,2021-05-07 18:28,20,53,34,12,0.9900000095367432,False
FRC3,2021-05-07 18:38,12,53,57,12,0.9800000190734863,False
FRC3,2021-05-07 18:48,14,54,49,12,0.9700000286102295,False
FRC3,2021-05-07 18:58,13,53,52,12,0.949999988079071,False
FRC3,2021-05-07 19:08,8,55,85,12,0.9800000190734863,False
FRC3,2021-05-07 19:18,25,53,27,12,0.9900000095367432,False
FRC3,2021-05-08 14:26,54,54,12,12,0.8299999833106995,False
FRC3,2021-05-08 14:36,54,54,12,12,0.8299999833106995,False
FRC3,2021-05-08 14:46,54,54,12,12,0.8299999833106995,False
FRC3,2021-05-08 14:56,54,54,12,12,0.8299999833106995,False
FRC3,2021-05-08 15:06,54,54,12,12,0.8299999833106995,False
FRC3,2021-05-08 15:16,54,54,12,12,0.8299999833106995,False
FRC3,2021-05-08 15:26,54,54,12,12,0.8299999833106995,False
FRC3,2021-05-08 15:36,54,54,12,12,0.8299999833106995,False
FRC3,2021-05-08 15:46,54,54,12,12,0.8299999833106995,False
FRC3,2021-05-08 15:56,43,54,15,12,0.8899999856948853,False
FRC3,2021-05-08 16:06,54,54,12,12,0.8299999833106995,False
FRC3,2021-05-08 16:16,54,54,12,12,0.8299999833106995,False
FRC3,2021-05-08 16:26,54,54,12,12,0.8299999833106995,False
FRC3,2021-05-08 16:36,54,54,12,12,0.8299999833106995,False
FRC3,2021-05-08 16:46,54,54,12,12,0.8299999833106995,False
FRC3,2021-05-08 16:56,54,54,12,12,0.8299999833106995,False
FRC3,2021-05-08 17:06,54,54,12,12,0.8299999833106995,False
FRC3,2021-05-08 17:16,54,54,12,12,0.8299999833106995,False
FRC3,2021-05-08 17:26,54,54,12,12,0.8299999833106995,False
FRC3,2021-05-08 17:36,54,54,12,12,0.8299999833106995,False
FRC3,2021-05-08 17:46,54,54,12,12,0.8299999833106995,False
FRC3,2021-05-08 17:56,54,54,12,12,0.8299999833106995,False
FRC3,2021-05-08 18:06,54,54,12,12,0.8299999833106995,False
FRC3,2021-05-08 18:16,54,54,12,12,0.8299999833106995,False
FRC3,2021-05-08 18:26,54,54,12,12,0.8299999833106995,False
FRC3,2021-05-08 18:36,54,54,12,12,0.8299999833106995,False
FRC3,2021-05-08 18:46,54,54,12,12,0.8299999833106995,False
FRC3,2021-05-08 18:56,54,54,12,12,0.8299999833106995,False
FRC3,2021-05-08 19:06,54,54,12,12,0.8299999833106995,False
FRC3,2021-05-08 19:16,54,54,12,12,0.8299999833106995,False
FRC3,2021-05-08 19:26,54,54,12,12,0.8299999833106995,False
FRC3,2021-05-08 19:36,36,53,19,12,0.9399999976158142,False
FRC3,2021-05-08 19:46,40,54,17,12,0.8899999856948853,False
FRC3,2021-05-08 19:56,54,54,12,12,0.8899999856948853,False
FRC3,2021-05-08 20:06,54,54,12,12,0.8899999856948853,False
FRC3,2021-05-08 20:16,40,53,17,12,0.8299999833106995,False
FRC3,2021-05-08 20:26,42,53,16,12,0.8899999856948853,False
FRC3,2021-05-08 20:36,53,53,12,12,0.8899999856948853,False
FRC3,2021-05-08 20:46,53,53,12,12,0.8899999856948853,False
FRC3,2021-05-08 20:56,53,53,12,12,0.8899999856948853,False
FRC3,2021-05-08 21:06,53,53,12,12,0.8899999856948853,False
FRC3,2021-05-08 21:16,53,53,12,12,0.8899999856948853,False
FRC3,2021-05-08 21:26,53,53,12,12,0.8899999856948853,False
FRC3,2021-05-08 21:36,53,53,12,12,0.8899999856948853,False
FRC3,2021-05-08 21:46,53,53,12,12,0.8899999856948853,False
FRC3,2021-05-08 21:56,53,53,12,12,0.8899999856948853,False
FRC3,2021-05-08 22:06,53,53,12,12,0.8899999856948853,False
FRC3,2021-05-08 22:16,53,53,12,12,0.8899999856948853,False
FRC3,2021-05-08 22:26,53,53,12,12,0.8899999856948853,False
FRC3,2021-05-08 22:36,53,53,12,12,0.8899999856948853,False
FRC3,2021-05-08 22:46,53,53,12,12,0.8899999856948853,False
FRC3,2021-05-08 22:56,53,53,12,12,0.8899999856948853,False
FRC3,2021-05-08 23:06,53,53,12,12,0.8899999856948853,False
FRC3,2021-05-08 23:16,42,53,16,12,0.6299999952316284,False
FRC3,2021-05-08 23:26,53,53,12,12,0.6299999952316284,False
FRC3,2021-05-08 23:36,53,53,12,12,0.6299999952316284,False
FRC3,2021-05-08 23:46,53,53,12,12,0.6299999952316284,False
FRC3,2021-05-08 23:56,53,53,12,12,0.6299999952316284,False
FRC3,2021-05-08 0:06,53,53,12,12,0.6299999952316284,False
FRC3,2021-05-08 0:16,53,53,12,12,0.6299999952316284,False
FRC3,2021-05-08 0:26,53,53,12,12,0.6299999952316284,False
FRC3,2021-05-08 0:36,53,53,12,12,0.6299999952316284,False
FRC3,2021-05-08 0:46,53,53,12,12,0.6299999952316284,False
FRC3,2021-05-08 0:56,53,53,12,12,0.6299999952316284,False
FRC3,2021-05-09 1:06,53,53,12,12,0.6299999952316284,False
FRC3,2021-05-09 1:16,53,53,12,12,0.6299999952316284,False
FRC3,2021-05-09 1:26,53,53,12,12,0.6299999952316284,False
FRC3,2021-05-09 1:36,53,53,12,12,0.6299999952316284,False
FRC3,2021-05-09 1:46,53,53,12,12,0.6299999952316284,False
FRC3,2021-05-09 1:56,53,53,12,12,0.6299999952316284,False
FRC3,2021-05-09 2:06,53,53,12,12,0.6299999952316284,False
FRC3,2021-05-09 2:16,53,53,12,12,0.6299999952316284,False
FRC3,2021-05-09 2:26,53,53,12,12,0.6299999952316284,False
FRC3,2021-05-09 2:36,53,53,12,12,0.6299999952316284,False
FRC3,2021-05-09 2:46,53,53,12,12,0.6299999952316284,False
FRC3,2021-05-09 2:56,53,53,12,12,0.6299999952316284,False
FRC3,2021-05-09 3:06,53,53,12,12,0.6299999952316284,False
FRC3,2021-05-09 3:16,53,53,12,12,0.6299999952316284,False
FRC3,2021-05-09 3:26,53,53,12,12,0.6299999952316284,False
FRC3,2021-05-09 3:36,53,53,12,12,0.6299999952316284,False
FRC3,2021-05-09 3:46,53,53,12,12,0.6299999952316284,False
FRC3,2021-05-09 3:56,53,53,12,12,0.6299999952316284,False
FRC3,2021-05-09 4:06,53,53,12,12,0.6299999952316284,False
FRC3,2021-05-09 4:16,53,53,12,12,0.6299999952316284,False
FRC3,2021-05-09 4:26,53,53,12,12,0.6299999952316284,False
FRC3,2021-05-09 4:36,53,53,12,12,0.6299999952316284,False
FRC3,2021-05-09 4:46,53,53,12,12,0.6299999952316284,False
FRC3,2021-05-09 4:56,53,53,12,12,0.6299999952316284,False
FRC3,2021-05-09 5:06,53,53,12,12,0.6299999952316284,False
FRC3,2021-05-09 5:16,53,53,12,12,0.6299999952316284,False
FRC3,2021-05-09 5:26,53,53,12,12,0.6299999952316284,False
FRC3,2021-05-09 5:36,53,53,12,12,0.6299999952316284,False
FRC3,2021-05-09 5:46,53,53,12,12,0.6299999952316284,False
FRC3,2021-05-09 5:56,53,53,12,12,0.6299999952316284,False
FRC3,2021-05-09 6:06,53,53,12,12,0.6299999952316284,False
FRC3,2021-05-09 6:16,53,53,12,12,0.6299999952316284,False
FRC3,2021-05-09 6:26,53,53,12,12,0.6299999952316284,False
FRC3,2021-05-09 6:36,53,53,12,12,0.6299999952316284,False
FRC3,2021-05-09 6:46,53,53,12,12,0.6299999952316284,False
FRC3,2021-05-09 6:56,53,53,12,12,0.6299999952316284,False
FRC3,2021-05-09 7:06,53,53,12,12,0.6299999952316284,False
FRC3,2021-05-09 7:16,53,53,12,12,0.6299999952316284,False
FRC3,2021-05-09 7:26,42,53,16,12,0.5,False
FRC3,2021-05-09 7:36,39,54,17,12,0.5,False
FRC3,2021-05-09 7:46,31,53,22,12,0.5099999904632568,False
FRC3,2021-05-09 7:56,27,54,25,12,0.5099999904632568,False
FRC3,2021-05-09 8:06,25,53,27,12,0.5099999904632568,False
FRC3,2021-05-09 8:16,27,53,25,12,0.5099999904632568,False
FRC3,2021-05-09 8:26,30,54,22,12,0.5099999904632568,False
FRC3,2021-05-09 8:36,33,54,20,12,0.5099999904632568,False
FRC3,2021-05-09 8:46,36,53,19,12,0.5099999904632568,False
FRC3,2021-05-09 8:56,40,53,17,12,0.5099999904632568,False
FRC3,2021-05-09 9:06,53,53,12,12,0.5099999904632568,False
FRC3,2021-05-09 9:16,53,53,12,12,0.5099999904632568,False
FRC3,2021-05-09 9:26,53,53,12,12,0.5099999904632568,False
FRC3,2021-05-09 9:36,53,53,12,12,0.5099999904632568,False
FRC3,2021-05-09 9:46,53,53,12,12,0.5099999904632568,False
FRC3,2021-05-09 9:56,53,53,12,12,0.5099999904632568,False
FRC3,2021-05-09 10:06,53,53,12,12,0.5099999904632568,False
FRC3,2021-05-09 10:16,53,53,12,12,0.5099999904632568,False
FRC3,2021-05-09 10:26,53,53,12,12,0.5099999904632568,False
FRC3,2021-05-09 10:36,53,53,12,12,0.5099999904632568,False
FRC3,2021-05-09 10:46,53,53,12,12,0.5099999904632568,False
FRC3,2021-05-09 10:56,53,53,12,12,0.5099999904632568,False
FRC3,2021-05-09 11:06,53,53,12,12,0.5099999904632568,False
FRC3,2021-05-09 11:16,53,53,12,12,0.5099999904632568,False
FRC3,2021-05-09 11:26,53,53,12,12,0.5099999904632568,False
FRC3,2021-05-09 11:36,53,53,12,12,0.5099999904632568,False
FRC3,2021-05-09 11:46,53,53,12,12,0.5099999904632568,False
FRC3,2021-05-09 11:56,53,53,12,12,0.5099999904632568,False
FRC3,2021-05-09 12:06,53,53,12,12,0.5099999904632568,False
FRC3,2021-05-09 12:16,53,53,12,12,0.5099999904632568,False
FRC3,2021-05-09 12:26,42,53,16,12,0.8799999952316284,False
FRC3,2021-05-09 12:36,53,53,12,12,0.8799999952316284,False
FRC3,2021-05-09 12:46,53,53,12,12,0.8799999952316284,False
FRC3,2021-05-09 12:56,53,53,12,12,0.8799999952316284,False
FRC3,2021-05-09 13:06,53,53,12,12,0.8799999952316284,False
FRC3,2021-05-09 13:16,53,53,12,12,0.8799999952316284,False
FRC3,2021-05-09 13:26,53,53,12,12,0.8799999952316284,False
FRC3,2021-05-09 13:36,53,53,12,12,0.8799999952316284,False
FRC3,2021-05-09 13:46,53,53,12,12,0.8799999952316284,False
FRC3,2021-05-09 13:56,53,53,12,12,0.8799999952316284,False
FRC3,2021-05-09 14:06,53,53,12,12,0.8799999952316284,False
FRC3,2021-05-09 14:16,53,53,12,12,0.8799999952316284,False
FRC3,2021-05-09 14:26,53,53,12,12,0.8799999952316284,False
FRC3,2021-05-09 14:36,41,53,16,12,0.6299999952316284,False
FRC3,2021-05-09 14:46,53,53,12,12,0.6299999952316284,False
FRC3,2021-05-09 14:56,53,53,12,12,0.6299999952316284,False
FRC3,2021-05-09 15:06,41,54,16,12,0.6000000238418579,False
FRC3,2021-05-09 15:16,53,53,12,12,0.5099999904632568,False
FRC3,2021-05-09 15:26,53,53,12,12,0.5099999904632568,False
FRC3,2021-05-09 15:36,53,53,12,12,0.5099999904632568,False
FRC3,2021-05-09 15:46,53,53,12,12,0.5099999904632568,False
FRC3,2021-05-09 15:56,43,54,15,12,0.5099999904632568,False
FRC3,2021-05-09 16:06,42,54,16,12,0.6299999952316284,False
FRC3,2021-05-09 16:16,42,53,16,12,0.8199999928474426,False
FRC3,2021-05-09 16:26,53,53,12,12,0.8199999928474426,False
FRC3,2021-05-09 16:36,53,53,12,12,0.8199999928474426,False
FRC3,2021-05-09 16:46,53,53,12,12,0.8199999928474426,False
FRC3,2021-05-09 16:56,53,53,12,12,0.8199999928474426,False
FRC3,2021-05-09 17:06,53,53,12,12,0.8199999928474426,False
FRC3,2021-05-09 17:16,53,53,12,12,0.8199999928474426,False
FRC3,2021-05-09 17:26,53,53,12,12,0.8199999928474426,False
FRC3,2021-05-09 17:36,53,53,12,12,0.8199999928474426,False
FRC3,2021-05-09 17:46,53,53,12,12,0.8199999928474426,False
FRC3,2021-05-09 17:56,53,53,12,12,0.8199999928474426,False
FRC3,2021-05-09 18:06,36,53,19,12,0.8899999856948853,False
FRC3,2021-05-09 18:16,40,54,17,12,0.8199999928474426,False
FRC3,2021-05-09 18:26,54,54,12,12,0.8199999928474426,False
FRC3,2021-05-09 18:36,54,54,12,12,0.8199999928474426,False
FRC3,2021-05-09 18:46,54,54,12,12,0.8199999928474426,False
FRC3,2021-05-09 18:56,54,54,12,12,0.8199999928474426,False
FRC3,2021-05-09 19:06,54,54,12,12,0.8199999928474426,False
FRC3,2021-05-09 19:16,54,54,12,12,0.8199999928474426,False
FRC3,2021-05-09 19:26,54,54,12,12,0.8199999928474426,False
FRC3,2021-05-09 19:36,54,54,12,12,0.8199999928474426,False
FRC3,2021-05-09 19:46,54,54,12,12,0.5099999904632568,False
FRC3,2021-05-09 19:56,54,54,12,12,0.5099999904632568,False
FRC3,2021-05-09 20:06,54,54,12,12,0.5099999904632568,False
FRC3,2021-05-09 20:16,53,53,12,12,0.5099999904632568,False
FRC3,2021-05-09 20:26,39,53,17,12,0.8899999856948853,False
FRC3,2021-05-09 20:36,54,54,12,12,0.8899999856948853,False
FRC3,2021-05-09 20:46,37,54,18,12,0.8199999928474426,False
FRC3,2021-05-09 20:56,53,53,12,12,0.6399999856948853,False
FRC3,2021-05-09 21:06,53,53,12,12,0.6399999856948853,False
FRC3,2021-05-09 21:16,53,53,12,12,0.6399999856948853,False
FRC3,2021-05-09 21:26,53,53,12,12,0.6399999856948853,False
FRC3,2021-05-09 21:36,53,53,12,12,0.6399999856948853,False
FRC3,2021-05-09 21:46,53,53,12,12,0.6399999856948853,False
FRC3,2021-05-09 21:56,53,53,12,12,0.6399999856948853,False
FRC3,2021-05-09 22:06,53,53,12,12,0.6399999856948853,False
FRC3,2021-05-09 22:16,53,53,12,12,0.6399999856948853,False
FRC3,2021-05-09 22:26,53,53,12,12,0.6399999856948853,False
FRC3,2021-05-09 22:36,53,53,12,12,0.6399999856948853,False
FRC3,2021-05-09 22:46,53,53,12,12,0.6399999856948853,False
FRC3,2021-05-09 22:56,53,53,12,12,0.6399999856948853,False
FRC3,2021-05-09 23:06,53,53,12,12,0.6399999856948853,False
FRC3,2021-05-09 23:16,53,53,12,12,0.6399999856948853,False
FRC3,2021-05-09 23:26,53,53,12,12,0.6399999856948853,False
FRC3,2021-05-09 23:36,53,53,12,12,0.6399999856948853,False
FRC3,2021-05-09 23:46,53,53,12,12,0.6399999856948853,False
FRC3,2021-05-09 23:56,53,53,12,12,0.6399999856948853,False
FRC3,2021-05-09 0:06,53,53,12,12,0.6399999856948853,False
FRC3,2021-05-09 0:16,53,53,12,12,0.6399999856948853,False
FRC3,2021-05-09 0:26,53,53,12,12,0.6399999856948853,False
FRC3,2021-05-09 0:36,53,53,12,12,0.6399999856948853,False
FRC3,2021-05-09 0:47,53,53,12,12,0.6399999856948853,False
FRC3,2021-05-09 0:57,53,53,12,12,0.6399999856948853,False
FRC3,2021-05-10 1:07,53,53,12,12,0.6399999856948853,False
FRC3,2021-05-10 1:17,53,53,12,12,0.6399999856948853,False
FRC3,2021-05-10 1:27,53,53,12,12,0.6399999856948853,False
FRC3,2021-05-10 1:37,53,53,12,12,0.6399999856948853,False
FRC3,2021-05-10 1:47,53,53,12,12,0.6399999856948853,False
FRC3,2021-05-10 1:57,53,53,12,12,0.6399999856948853,False
FRC3,2021-05-10 2:07,53,53,12,12,0.6399999856948853,False
FRC3,2021-05-10 2:17,53,53,12,12,0.6399999856948853,False
FRC3,2021-05-10 2:27,53,53,12,12,0.6399999856948853,False
FRC3,2021-05-10 2:37,53,53,12,12,0.6399999856948853,False
FRC3,2021-05-10 2:47,53,53,12,12,0.6399999856948853,False
FRC3,2021-05-10 2:57,53,53,12,12,0.6399999856948853,False
FRC3,2021-05-10 3:07,53,53,12,12,0.6399999856948853,False
FRC3,2021-05-10 3:17,53,53,12,12,0.6399999856948853,False
FRC3,2021-05-10 3:27,53,53,12,12,0.6399999856948853,False
FRC3,2021-05-10 3:37,53,53,12,12,0.6399999856948853,False
FRC3,2021-05-10 3:47,53,53,12,12,0.6399999856948853,False
FRC3,2021-05-10 3:57,53,53,12,12,0.6399999856948853,False
FRC3,2021-05-10 4:07,53,53,12,12,0.6399999856948853,False
FRC3,2021-05-10 4:17,53,53,12,12,0.6399999856948853,False
FRC3,2021-05-10 4:27,53,53,12,12,0.6399999856948853,False
FRC3,2021-05-10 4:37,53,53,12,12,0.6399999856948853,False
FRC3,2021-05-10 4:47,53,53,12,12,0.6399999856948853,False
FRC3,2021-05-10 4:57,53,53,12,12,0.6399999856948853,False
FRC3,2021-05-10 5:07,53,53,12,12,0.6399999856948853,False
FRC3,2021-05-10 5:17,53,53,12,12,0.6399999856948853,False
FRC3,2021-05-10 5:27,53,53,12,12,0.6399999856948853,False
FRC3,2021-05-10 5:37,53,53,12,12,0.6399999856948853,False
FRC3,2021-05-10 5:47,53,53,12,12,0.6399999856948853,False
FRC3,2021-05-10 5:57,53,53,12,12,0.6399999856948853,False
FRC3,2021-05-10 6:07,53,53,12,12,0.6399999856948853,False
FRC3,2021-05-10 6:17,53,53,12,12,0.6399999856948853,False
FRC3,2021-05-10 6:27,53,53,12,12,0.6399999856948853,False
FRC3,2021-05-10 6:37,53,53,12,12,0.6399999856948853,False
FRC3,2021-05-10 6:47,53,53,12,12,0.6399999856948853,False
FRC3,2021-05-10 6:57,53,53,12,12,0.6399999856948853,False
FRC3,2021-05-10 7:07,41,53,16,12,0.5099999904632568,False
FRC3,2021-05-10 7:17,40,54,17,12,0.5099999904632568,False
FRC3,2021-05-10 7:27,38,53,18,12,0.5099999904632568,False
FRC3,2021-05-10 7:37,37,53,18,12,0.5,False
FRC3,2021-05-10 7:47,33,53,20,12,0.8799999952316284,False
FRC3,2021-05-10 7:57,39,54,17,12,0.9599999785423279,False
FRC3,2021-05-10 8:07,16,53,42,12,0.9700000286102295,False
FRC3,2021-05-10 8:17,18,54,38,12,0.9700000286102295,False
FRC3,2021-05-10 8:27,18,55,38,12,0.9599999785423279,False
FRC3,2021-05-10 8:37,9,56,76,12,0.9800000190734863,False
FRC3,2021-05-10 8:47,15,53,45,12,0.9599999785423279,False
FRC3,2021-05-10 8:57,10,52,68,13,0.9599999785423279,False
FRC3,2021-05-10 9:07,13,52,52,13,0.9800000190734863,False
FRC3,2021-05-10 9:17,19,54,36,12,0.9900000095367432,False
FRC3,2021-05-10 9:27,24,53,28,12,1,False
FRC3,2021-05-10 9:37,32,53,21,12,0.9900000095367432,False
FRC3,2021-05-10 9:47,37,54,18,12,0.9599999785423279,False
FRC3,2021-05-10 9:57,53,53,12,12,0.8199999928474426,False
FRC3,2021-05-10 10:07,53,53,12,12,0.8199999928474426,False
FRC3,2021-05-10 10:17,53,53,12,12,0.8199999928474426,False
FRC3,2021-05-10 10:27,53,53,12,12,0.8199999928474426,False
FRC3,2021-05-10 10:37,53,53,12,12,0.8199999928474426,False
FRC3,2021-05-10 10:47,53,53,12,12,0.8199999928474426,False
FRC3,2021-05-10 10:57,53,53,12,12,0.8199999928474426,False
FRC3,2021-05-10 11:07,53,53,12,12,0.8199999928474426,False
FRC3,2021-05-10 11:17,53,53,12,12,0.8199999928474426,False
FRC3,2021-05-10 11:27,53,53,12,12,0.8199999928474426,False
FRC3,2021-05-10 11:37,53,53,12,12,0.8199999928474426,False
FRC3,2021-05-10 11:47,53,53,12,12,0.8199999928474426,False
FRC3,2021-05-10 11:57,53,53,12,12,0.8199999928474426,False
FRC3,2021-05-10 12:07,53,53,12,12,0.8199999928474426,False
FRC3,2021-05-10 12:17,53,53,12,12,0.8199999928474426,False
FRC3,2021-05-10 12:27,53,53,12,12,0.8199999928474426,False
FRC3,2021-05-10 12:37,53,53,12,12,0.8199999928474426,False
FRC3,2021-05-10 12:47,53,53,12,12,0.8199999928474426,False
FRC3,2021-05-10 12:57,53,53,12,12,0.8199999928474426,False
FRC3,2021-05-10 13:07,40,54,17,12,0.8299999833106995,False
FRC3,2021-05-10 13:17,42,53,16,12,0.8199999928474426,False
FRC3,2021-05-10 13:27,36,53,19,12,0.8299999833106995,False
FRC3,2021-05-10 13:37,29,54,23,12,0.8600000143051147,False
FRC3,2021-05-10 13:47,38,54,18,12,0.8299999833106995,False
FRC3,2021-05-10 13:57,27,53,25,12,0.9599999785423279,False
FRC3,2021-05-10 14:07,38,54,18,12,0.9700000286102295,False
FRC3,2021-05-10 14:17,32,53,21,12,0.9700000286102295,False
FRC3,2021-05-10 14:27,39,54,17,12,0.9300000071525574,False
FRC3,2021-05-10 14:37,35,54,19,12,0.9200000166893005,False
FRC3,2021-05-10 14:47,36,54,19,12,0.8899999856948853,False
FRC3,2021-05-10 14:57,34,53,20,12,0.8199999928474426,False
FRC3,2021-05-10 15:07,35,53,19,12,0.6299999952316284,False
FRC3,2021-05-10 15:17,33,54,20,12,0.6299999952316284,False
FRC3,2021-05-10 15:27,34,53,20,12,0.6299999952316284,False
FRC3,2021-05-10 15:37,39,53,17,12,0.8299999833106995,False
FRC3,2021-05-10 15:47,40,54,17,12,0.8299999833106995,False
FRC3,2021-05-10 15:57,41,54,16,12,0.8299999833106995,False
FRC3,2021-05-10 16:07,42,54,16,12,0.5400000214576721,False
FRC3,2021-05-10 16:17,42,54,16,12,0.5400000214576721,False
FRC3,2021-05-10 16:27,41,53,16,12,0.550000011920929,False
FRC3,2021-05-10 16:37,41,54,16,12,0.550000011920929,False
FRC3,2021-05-10 16:47,54,54,12,12,0.550000011920929,False
FRC3,2021-05-10 16:57,41,53,16,12,0.8199999928474426,False
FRC3,2021-05-10 17:07,40,54,17,12,0.6299999952316284,False
FRC3,2021-05-10 17:17,41,54,16,12,0.6299999952316284,False
FRC3,2021-05-10 17:27,37,53,18,12,0.6299999952316284,False
FRC3,2021-05-10 17:37,8,54,85,12,0.9599999785423279,False
FRC3,2021-05-10 17:47,10,55,68,12,0.9599999785423279,False
FRC3,2021-05-10 17:57,24,53,28,12,0.9700000286102295,False
FRC3,2021-05-11 17:21,38,54,18,12,0.8199999928474426,False
FRC3,2021-05-11 17:31,17,53,40,12,0.9599999785423279,False
FRC3,2021-05-11 17:41,14,52,49,13,0.9800000190734863,False
FRC3,2021-05-11 17:51,14,54,49,12,0.9800000190734863,False
FRC3,2021-05-11 18:01,28,53,24,12,0.9599999785423279,False
FRC3,2021-05-11 18:11,38,53,18,12,0.9700000286102295,False
FRC3,2021-05-11 18:21,39,54,17,12,0.9599999785423279,False
FRC3,2021-05-11 18:31,28,54,24,12,0.9700000286102295,False
FRC3,2021-05-12 23:44,54,54,12,12,0.8299999833106995,False
FRC3,2021-05-12 23:54,54,54,12,12,0.8299999833106995,False
FRC3,2021-05-12 0:04,54,54,12,12,0.8299999833106995,False
FRC3,2021-05-12 0:14,54,54,12,12,0.8299999833106995,False
FRC3,2021-05-12 0:24,54,54,12,12,0.8299999833106995,False
FRC3,2021-05-12 0:34,54,54,12,12,0.8299999833106995,False
FRC3,2021-05-12 0:44,54,54,12,12,0.8299999833106995,False
FRC3,2021-05-12 0:54,54,54,12,12,0.8299999833106995,False
FRC3,2021-05-13 1:04,54,54,12,12,0.8299999833106995,False
FRC3,2021-05-13 1:14,54,54,12,12,0.8299999833106995,False
FRC3,2021-05-13 1:24,54,54,12,12,0.8299999833106995,False
FRC3,2021-05-13 1:34,54,54,12,12,0.8299999833106995,False
FRC3,2021-05-13 1:44,54,54,12,12,0.8299999833106995,False
FRC3,2021-05-13 1:54,54,54,12,12,0.8299999833106995,False
FRC3,2021-05-13 2:04,54,54,12,12,0.8299999833106995,False
FRC3,2021-05-13 2:14,54,54,12,12,0.8299999833106995,False
FRC3,2021-05-13 2:24,54,54,12,12,0.8299999833106995,False
FRC3,2021-05-13 2:34,54,54,12,12,0.8299999833106995,False
FRC3,2021-05-13 2:44,54,54,12,12,0.8299999833106995,False
FRC3,2021-05-13 2:54,54,54,12,12,0.8299999833106995,False
FRC3,2021-05-13 3:04,54,54,12,12,0.8299999833106995,False
FRC3,2021-05-13 3:14,54,54,12,12,0.8299999833106995,False
FRC3,2021-05-13 3:24,54,54,12,12,0.8299999833106995,False
FRC3,2021-05-13 3:34,54,54,12,12,0.8299999833106995,False
FRC3,2021-05-13 3:44,54,54,12,12,0.8299999833106995,False
FRC3,2021-05-13 3:54,54,54,12,12,0.8299999833106995,False
FRC3,2021-05-13 4:04,54,54,12,12,0.8299999833106995,False
FRC3,2021-05-13 4:14,54,54,12,12,0.8299999833106995,False
FRC3,2021-05-13 4:24,54,54,12,12,0.8299999833106995,False
FRC3,2021-05-13 4:34,54,54,12,12,0.8299999833106995,False
FRC3,2021-05-13 4:44,54,54,12,12,0.8299999833106995,False
FRC3,2021-05-13 4:54,54,54,12,12,0.8299999833106995,False
FRC3,2021-05-13 5:04,54,54,12,12,0.8299999833106995,False
FRC3,2021-05-13 5:14,54,54,12,12,0.8299999833106995,False
FRC3,2021-05-13 5:24,54,54,12,12,0.8299999833106995,False
FRC3,2021-05-13 5:34,54,54,12,12,0.8299999833106995,False
FRC3,2021-05-13 5:44,54,54,12,12,0.8299999833106995,False
FRC3,2021-05-13 5:54,54,54,12,12,0.8299999833106995,False
FRC3,2021-05-13 6:04,54,54,12,12,0.8299999833106995,False
FRC3,2021-05-13 6:14,54,54,12,12,0.8299999833106995,False
FRC3,2021-05-13 6:24,54,54,12,12,0.8299999833106995,False
FRC3,2021-05-13 6:34,54,54,12,12,0.8299999833106995,False
FRC3,2021-05-13 6:44,54,54,12,12,0.8299999833106995,False
FRC3,2021-05-13 6:54,54,54,12,12,0.8299999833106995,False
FRC3,2021-05-13 7:04,54,54,12,12,0.8299999833106995,False
FRC3,2021-05-13 7:14,54,54,12,12,0.8299999833106995,False
FRC3,2021-05-13 7:24,41,54,16,12,0.5099999904632568,False
FRC3,2021-05-13 7:34,38,53,18,12,0.5299999713897705,False
FRC3,2021-05-13 7:44,34,53,20,12,0.5299999713897705,False
FRC3,2021-05-13 7:54,32,53,21,12,0.6299999952316284,False
FRC3,2021-05-13 8:04,18,54,38,12,0.9399999976158142,False
FRC3,2021-05-13 8:14,19,54,36,12,0.9800000190734863,False
FRC3,2021-05-13 8:24,19,55,36,12,0.9800000190734863,False
FRC3,2021-05-13 8:34,20,53,34,12,0.9700000286102295,False
FRC3,2021-05-13 8:44,19,53,36,12,0.949999988079071,False
FRC3,2021-05-13 8:54,7,54,98,12,0.9300000071525574,False
FRC3,2021-05-13 9:04,14,52,49,13,0.949999988079071,False
FRC3,2021-05-13 9:14,12,55,57,12,0.9800000190734863,False
FRC3,2021-05-13 9:24,15,54,45,12,0.9800000190734863,False
FRC3,2021-05-13 9:34,20,52,34,13,0.9800000190734863,False
FRC3,2021-05-13 9:44,20,54,34,12,0.9399999976158142,False
FRC3,2021-05-13 9:54,20,54,34,12,0.6200000047683716,False
FRC3,2021-05-13 10:04,42,54,16,12,0.6399999856948853,False
FRC3,2021-05-13 10:14,54,54,12,12,0.6399999856948853,False
FRC3,2021-05-13 10:24,54,54,12,12,0.6399999856948853,False
FRC3,2021-05-13 10:34,54,54,12,12,0.6399999856948853,False
FRC3,2021-05-13 10:44,54,54,12,12,0.6399999856948853,False
FRC3,2021-05-13 10:54,54,54,12,12,0.6399999856948853,False
FRC3,2021-05-13 11:04,54,54,12,12,0.6399999856948853,False
FRC3,2021-05-13 11:14,54,54,12,12,0.6399999856948853,False
FRC3,2021-05-13 11:24,54,54,12,12,0.6399999856948853,False
FRC3,2021-05-13 11:34,54,54,12,12,0.6399999856948853,False
FRC3,2021-05-13 11:44,54,54,12,12,0.6399999856948853,False
FRC3,2021-05-13 11:54,54,54,12,12,0.6399999856948853,False
FRC3,2021-05-13 12:04,54,54,12,12,0.6399999856948853,False
FRC3,2021-05-13 12:14,53,53,12,12,0.8299999833106995,False
FRC3,2021-05-13 12:24,53,53,12,12,0.8299999833106995,False
FRC3,2021-05-13 12:34,53,53,12,12,0.8299999833106995,False
FRC3,2021-05-13 12:44,53,53,12,12,0.8299999833106995,False
FRC3,2021-05-13 12:54,53,53,12,12,0.8299999833106995,False
FRC3,2021-05-13 13:04,53,53,12,12,0.8299999833106995,False
FRC3,2021-05-13 13:14,54,54,12,12,0.8299999833106995,False
FRC3,2021-05-13 13:24,54,54,12,12,0.8299999833106995,False
FRC3,2021-05-13 13:34,42,54,16,12,0.6399999856948853,False
FRC3,2021-05-13 13:44,41,54,16,12,0.8899999856948853,False
FRC3,2021-05-13 13:54,30,54,22,12,0.9399999976158142,False
FRC3,2021-05-13 14:04,32,54,21,12,0.9200000166893005,False
FRC3,2021-05-13 14:14,40,53,17,12,0.9399999976158142,False
FRC3,2021-05-13 14:24,39,53,17,12,0.8899999856948853,False
FRC3,2021-05-13 14:34,39,54,17,12,0.8299999833106995,False
FRC3,2021-05-13 14:44,38,53,18,12,0.550000011920929,False
FRC3,2021-05-13 14:54,38,54,18,12,0.550000011920929,False
FRC3,2021-05-13 15:04,39,54,17,12,0.8299999833106995,False
FRC3,2021-05-13 15:14,38,53,18,12,0.6399999856948853,False
FRC3,2021-05-13 15:24,8,56,85,12,0.8100000023841858,False
FRC3,2021-05-13 15:34,23,53,29,12,0.8199999928474426,False
FRC3,2021-05-13 15:44,41,53,16,12,0.8199999928474426,False
FRC3,2021-05-13 15:54,41,53,16,12,0.8799999952316284,False
FRC3,2021-05-13 16:04,41,54,16,12,0.8899999856948853,False
FRC3,2021-05-13 16:14,41,54,16,12,0.6399999856948853,False
